timestamp,window_id,recv_pkts,packet_loss,avg_delay_ms,throughput_bps
2026-06-08 22:32:09,1,39,0.2200,12.64,87454
2026-06-08 22:32:11,2,36,0.2800,13.92,85935
2026-06-08 22:32:13,3,45,0.1000,6.22,105714
2026-06-08 22:32:15,4,49,0.0200,4.53,118885
2026-06-08 22:32:17,5,31,0.3800,15.97,86566
2026-06-08 22:32:19,6,33,0.3400,10.55,88800
2026-06-08 22:32:21,7,50,0.0000,4.34,129824
2026-06-08 22:32:23,8,50,0.0000,3.20,132142
2026-06-08 22:32:25,9,16,0.6800,34.06,35878
2026-06-08 22:32:27,10,14,0.7200,52.64,20116
2026-06-08 22:32:29,11,32,0.3600,13.44,70686
2026-06-08 22:32:31,12,14,0.7200,57.93,20720
2026-06-08 22:32:33,13,18,0.6400,40.00,21483
2026-06-08 22:32:35,14,50,0.0000,6.12,117460
2026-06-08 22:32:37,15,41,0.1800,7.66,112370
2026-06-08 22:32:39,16,14,0.7200,55.71,9819
2026-06-08 22:32:41,17,43,0.1400,6.23,159100
2026-06-08 22:32:43,18,50,0.0000,4.06,127586
2026-06-08 22:32:45,19,50,0.0000,2.74,127586
2026-06-08 22:32:47,20,40,0.2000,9.38,88358
2026-06-08 22:32:49,21,32,0.3600,15.78,68637
2026-06-08 22:32:51,22,50,0.0000,3.98,129824
2026-06-08 22:32:53,23,50,0.0000,3.14,129824
2026-06-08 22:32:55,24,50,0.0000,3.30,127586
2026-06-08 22:32:57,25,49,0.0200,6.24,120866
2026-06-08 22:32:59,26,23,0.5400,46.26,22543
2026-06-08 22:33:01,27,50,0.0000,4.44,119354
2026-06-08 22:33:03,28,19,0.6200,40.32,24884
2026-06-08 22:33:05,29,50,0.0000,3.30,127586
2026-06-08 22:33:07,30,50,0.0000,5.94,139622
2026-06-08 22:33:09,31,50,0.0000,5.78,94871
2026-06-08 22:33:11,32,49,0.0200,5.65,122915
2026-06-08 22:33:13,33,50,0.0000,7.56,115625
2026-06-08 22:33:15,34,50,0.0000,4.52,132142
2026-06-08 22:33:17,35,50,0.0000,5.34,119354
2026-06-08 22:33:19,36,50,0.0000,4.18,113846
2026-06-08 22:33:21,37,44,0.1200,7.39,112275
2026-06-08 22:33:23,38,50,0.0000,3.94,119354
2026-06-08 22:33:25,39,50,0.0000,3.68,129824
2026-06-08 22:33:27,40,36,0.2800,13.86,84571
2026-06-08 22:33:29,41,50,0.0000,4.06,127586
2026-06-08 22:33:31,42,37,0.2600,16.46,77126
2026-06-08 22:33:33,43,50,0.0000,4.54,127586
2026-06-08 22:33:35,44,50,0.0000,4.34,115625
2026-06-08 22:33:37,45,50,0.0000,4.10,132142
2026-06-08 22:33:39,46,27,0.4600,17.15,67728
2026-06-08 22:33:41,47,50,0.0000,3.84,132142
2026-06-08 22:33:43,48,50,0.0000,4.14,127586
2026-06-08 22:33:45,49,50,0.0000,4.16,129824
2026-06-08 22:33:47,50,50,0.0000,5.84,117460
2026-06-08 22:33:49,51,50,0.0000,5.32,137037
2026-06-08 22:33:51,52,50,0.0000,4.74,127586
2026-06-08 22:33:53,53,50,0.0000,4.66,123333
2026-06-08 22:33:55,54,50,0.0000,5.88,137037
2026-06-08 22:33:57,55,50,0.0000,4.28,127586
2026-06-08 22:33:59,56,50,0.0000,4.64,123333
2026-06-08 22:34:01,57,50,0.0000,4.50,125423
2026-06-08 22:34:03,58,50,0.0000,4.90,110447
2026-06-08 22:34:05,59,28,0.4400,15.96,82880
2026-06-08 22:34:07,60,50,0.0000,6.74,134545
2026-06-08 22:34:09,61,35,0.3000,13.34,63950
2026-06-08 22:34:11,62,49,0.0200,7.88,131854
2026-06-08 22:34:13,63,50,0.0000,4.82,127586
2026-06-08 22:34:15,64,50,0.0000,5.88,117460
2026-06-08 22:34:17,65,36,0.2800,13.17,84571
2026-06-08 22:34:19,66,50,0.0000,5.04,113846
2026-06-08 22:34:21,67,50,0.0000,7.08,113846
2026-06-08 22:34:23,68,47,0.0600,14.53,66884
2026-06-08 22:34:25,69,29,0.4200,24.66,49906
2026-06-08 22:34:27,70,50,0.0000,6.24,129824
2026-06-08 22:34:29,71,50,0.0000,7.08,129824
2026-06-08 22:34:31,72,50,0.0000,5.42,115625
2026-06-08 22:34:33,73,42,0.1600,9.93,95630
2026-06-08 22:34:35,74,44,0.1200,9.16,114245
2026-06-08 22:34:37,75,48,0.0400,8.88,124631
2026-06-08 22:34:39,76,50,0.0000,5.58,127586
2026-06-08 22:34:41,77,50,0.0000,4.98,121311
2026-06-08 22:34:43,78,48,0.0400,6.92,122482
2026-06-08 22:34:45,79,50,0.0000,4.56,132142
2026-06-08 22:34:47,80,43,0.1400,10.23,101015
2026-06-08 22:34:49,81,46,0.0800,10.43,101611
2026-06-08 22:34:51,82,48,0.0400,7.46,116459
2026-06-08 22:34:53,83,48,0.0400,6.46,116459
2026-06-08 22:34:55,84,47,0.0600,7.21,124214
2026-06-08 22:34:57,85,43,0.1400,13.40,83736
2026-06-08 22:34:59,86,45,0.1000,8.76,123333
2026-06-08 22:35:01,87,48,0.0400,9.00,116459
2026-06-08 22:35:03,88,38,0.2400,14.11,89269
2026-06-08 22:35:05,89,42,0.1600,11.86,87549
2026-06-08 22:35:07,90,49,0.0200,7.00,120866
2026-06-08 22:35:09,91,50,0.0000,5.66,123333
2026-06-08 22:35:11,92,50,0.0000,5.76,134545
2026-06-08 22:35:13,93,50,0.0000,6.74,127586
2026-06-08 22:35:15,94,50,0.0000,5.90,134545
2026-06-08 22:35:17,95,36,0.2800,13.81,95142
2026-06-08 22:35:19,96,36,0.2800,18.47,61241
2026-06-08 22:35:21,97,15,0.7000,35.07,33636
2026-06-08 22:35:23,98,50,0.0000,6.00,107246
2026-06-08 22:35:25,99,45,0.1000,9.84,114827
2026-06-08 22:35:27,100,50,0.0000,5.98,119354
2026-06-08 22:35:29,101,50,0.0000,9.82,113846
2026-06-08 22:35:31,102,17,0.6600,35.24,31061
2026-06-08 22:35:33,103,50,0.0000,6.92,129824
2026-06-08 22:35:35,104,50,0.0000,5.84,134545
2026-06-08 22:35:37,105,50,0.0000,7.18,127586
2026-06-08 22:35:39,106,44,0.1200,12.41,101750
2026-06-08 22:35:41,107,8,0.8400,65.38,17939
2026-06-08 22:35:43,108,12,0.7600,58.08,20413
2026-06-08 22:35:45,109,9,0.8200,69.89,15488
2026-06-08 22:35:47,110,17,0.6600,43.29,25414
2026-06-08 22:35:49,111,18,0.6400,46.94,21836
2026-06-08 22:35:51,112,41,0.1800,14.66,86685
2026-06-08 22:35:53,113,16,0.6800,46.44,24412
2026-06-08 22:35:55,114,46,0.0800,9.57,123781
2026-06-08 22:35:57,115,32,0.3600,21.47,51478
2026-06-08 22:35:59,116,46,0.0800,10.09,113466
2026-06-08 22:36:01,117,30,0.4000,26.03,52857
2026-06-08 22:36:03,118,8,0.8400,190.75,13767
2026-06-08 22:36:05,119,32,0.3600,18.97,59200
2026-06-08 22:36:07,120,50,0.0000,8.22,100000
2026-06-08 22:36:09,121,34,0.3200,22.79,37274
2026-06-08 22:36:11,122,24,0.5200,21.67,77217
2026-06-08 22:36:13,123,34,0.3200,18.41,79873
2026-06-08 22:36:15,124,50,0.0000,6.70,121311
2026-06-08 22:36:17,125,14,0.7200,55.71,23816
2026-06-08 22:36:19,126,49,0.0200,112.12,20602
2026-06-08 22:36:21,127,50,0.0000,6.38,129824
2026-06-08 22:36:23,128,14,0.7200,73.36,13631
2026-06-08 22:36:25,129,44,0.1200,11.05,112275
2026-06-08 22:36:27,130,49,0.0200,10.49,108238
2026-06-08 22:36:29,131,24,0.5200,23.38,57290
2026-06-08 22:36:31,132,37,0.2600,20.43,60844
2026-06-08 22:36:33,133,27,0.4600,24.89,48731
2026-06-08 22:36:35,134,50,0.0000,6.88,134545
2026-06-08 22:36:37,135,50,0.0000,6.26,129824
2026-06-08 22:36:39,136,32,0.3600,21.78,66704
2026-06-08 22:36:41,137,50,0.0000,10.42,90243
2026-06-08 22:36:43,138,36,0.2800,19.31,65777
2026-06-08 22:36:45,139,33,0.3400,15.85,76312
2026-06-08 22:36:47,140,31,0.3800,18.97,62849
2026-06-08 22:36:49,141,50,0.0000,8.02,142307
2026-06-08 22:36:51,142,50,0.0000,7.48,127586
2026-06-08 22:36:53,143,50,0.0000,6.72,121311
2026-06-08 22:36:55,144,28,0.4400,17.00,78188
2026-06-08 22:36:57,145,50,0.0000,9.32,100000
2026-06-08 22:36:59,146,50,0.0000,7.24,119354
2026-06-08 22:37:01,147,50,0.0000,8.08,107246
2026-06-08 22:37:03,148,48,0.0400,9.12,144979
2026-06-08 22:37:05,149,48,0.0400,9.38,114580
2026-06-08 22:37:07,150,50,0.0000,3.68,134545
2026-06-08 22:37:09,151,30,0.4000,21.40,50454
2026-06-08 22:37:11,152,50,0.0000,2.90,134545
2026-06-08 22:37:13,153,39,0.2200,10.97,73063
2026-06-08 22:37:15,154,42,0.1600,5.64,111000
2026-06-08 22:37:17,155,50,0.0000,5.02,127586
2026-06-08 22:37:19,156,13,0.7400,53.00,26356
2026-06-08 22:37:21,157,50,0.0000,3.80,137037
2026-06-08 22:37:23,158,50,0.0000,2.88,132142
2026-06-08 22:37:25,159,46,0.0800,4.35,119438
2026-06-08 22:37:27,160,50,0.0000,4.30,132142
2026-06-08 22:37:29,161,22,0.5600,28.95,22611
2026-06-08 22:37:31,162,48,0.0400,7.42,106029
2026-06-08 22:37:33,163,50,0.0000,4.58,129824
2026-06-08 22:37:35,164,49,0.0200,5.14,118885
2026-06-08 22:37:37,165,28,0.4400,20.39,61850
2026-06-08 22:37:39,166,49,0.0200,4.43,127228
2026-06-08 22:37:41,167,50,0.0000,4.94,117460
2026-06-08 22:37:43,168,50,0.0000,2.84,125423
2026-06-08 22:37:45,169,50,0.0000,4.08,127586
2026-06-08 22:37:47,170,11,0.7800,56.09,25046
2026-06-08 22:37:49,171,50,0.0000,3.66,119354
2026-06-08 22:37:51,172,45,0.1000,8.07,109180
2026-06-08 22:37:53,173,46,0.0800,7.20,117379
2026-06-08 22:37:55,174,50,0.0000,3.50,125423
2026-06-08 22:37:57,175,50,0.0000,3.04,129824
2026-06-08 22:37:59,176,46,0.0800,6.91,98666
2026-06-08 22:38:01,177,50,0.0000,3.94,108823
2026-06-08 22:38:03,178,50,0.0000,3.82,123333
2026-06-08 22:38:05,179,50,0.0000,3.20,117460
2026-06-08 22:38:07,180,48,0.0400,6.21,122482
2026-06-08 22:38:09,181,50,0.0000,4.70,127586
2026-06-08 22:38:11,182,48,0.0400,5.67,139294
2026-06-08 22:38:13,183,48,0.0400,4.46,126857
2026-06-08 22:38:15,184,50,0.0000,4.32,127586
2026-06-08 22:38:17,185,39,0.2200,8.87,94622
2026-06-08 22:38:19,186,32,0.3600,19.59,48326
2026-06-08 22:38:21,187,50,0.0000,3.56,129824
2026-06-08 22:38:23,188,40,0.2000,7.05,109629
2026-06-08 22:38:25,189,50,0.0000,4.38,134545
2026-06-08 22:38:27,190,46,0.0800,6.65,119438
2026-06-08 22:38:29,191,50,0.0000,4.04,123333
2026-06-08 22:38:31,192,47,0.0600,7.34,126472
2026-06-08 22:38:33,193,50,0.0000,3.40,129824
2026-06-08 22:38:35,194,20,0.6000,49.40,12703
2026-06-08 22:38:37,195,50,0.0000,3.80,134545
2026-06-08 22:38:39,196,50,0.0000,4.62,123333
2026-06-08 22:38:41,197,32,0.3600,15.47,77639
2026-06-08 22:38:43,198,50,0.0000,2.94,129824
2026-06-08 22:38:45,199,49,0.0200,5.20,131854
2026-06-08 22:38:47,200,48,0.0400,5.69,124631
2026-06-08 22:38:49,201,50,0.0000,4.12,129824
2026-06-08 22:38:51,202,50,0.0000,6.02,119354
2026-06-08 22:38:53,203,50,0.0000,3.72,125423
2026-06-08 22:38:55,204,49,0.0200,5.59,127228
2026-06-08 22:38:57,205,49,0.0200,5.65,139461
2026-06-08 22:38:59,206,50,0.0000,4.04,129824
2026-06-08 22:39:01,207,15,0.7000,76.87,15633
2026-06-08 22:39:03,208,35,0.3000,11.20,86333
2026-06-08 22:39:05,209,48,0.0400,6.23,124631
2026-06-08 22:39:07,210,49,0.0200,4.96,115111
2026-06-08 22:39:09,211,50,0.0000,4.24,119354
2026-06-08 22:39:11,212,47,0.0600,7.91,110412
2026-06-08 22:39:13,213,38,0.2400,12.00,90709
2026-06-08 22:39:15,214,50,0.0000,3.76,129824
2026-06-08 22:39:17,215,42,0.1600,13.98,73129
2026-06-08 22:39:19,216,49,0.0200,5.41,127228
2026-06-08 22:39:21,217,50,0.0000,4.90,113846
2026-06-08 22:39:23,218,21,0.5800,21.05,155400
2026-06-08 22:39:25,219,50,0.0000,8.22,78723
2026-06-08 22:39:27,220,50,0.0000,3.86,129824
2026-06-08 22:39:29,221,49,0.0200,24.76,68415
2026-06-08 22:39:31,222,50,0.0000,4.58,112121
2026-06-08 22:39:33,223,50,0.0000,4.36,121311
2026-06-08 22:39:35,224,20,0.6000,31.50,30833
2026-06-08 22:39:37,225,33,0.3400,17.03,69771
2026-06-08 22:39:39,226,50,0.0000,4.22,119354
2026-06-08 22:39:41,227,12,0.7600,79.58,15443
2026-06-08 22:39:43,228,50,0.0000,4.70,117460
2026-06-08 22:39:45,229,29,0.4200,18.66,87591
2026-06-08 22:39:47,230,26,0.4800,19.77,54197
2026-06-08 22:39:49,231,50,0.0000,4.88,125423
2026-06-08 22:39:51,232,39,0.2200,26.92,84882
2026-06-08 22:39:53,233,33,0.3400,12.48,90444
2026-06-08 22:39:55,234,50,0.0000,4.66,129824
2026-06-08 22:39:57,235,50,0.0000,5.88,125423
2026-06-08 22:39:59,236,50,0.0000,4.10,129824
2026-06-08 22:40:01,237,50,0.0000,4.66,137037
2026-06-08 22:40:03,238,50,0.0000,6.16,115625
2026-06-08 22:40:05,239,40,0.2000,11.25,75897
2026-06-08 22:40:07,240,48,0.0400,7.85,122482
2026-06-08 22:40:09,241,50,0.0000,4.38,127586
2026-06-08 22:40:11,242,23,0.5400,23.78,50058
2026-06-08 22:40:13,243,50,0.0000,4.78,115625
2026-06-08 22:40:15,244,46,0.0800,7.91,138938
2026-06-08 22:40:17,245,50,0.0000,4.36,132142
2026-06-08 22:40:19,246,50,0.0000,4.96,123333
2026-06-08 22:40:21,247,48,0.0400,6.92,122482
2026-06-08 22:40:23,248,43,0.1400,10.67,109724
2026-06-08 22:40:25,249,50,0.0000,4.98,125423
2026-06-08 22:40:27,250,29,0.4200,16.45,76642
2026-06-08 22:40:29,251,50,0.0000,4.86,123333
2026-06-08 22:40:31,252,50,0.0000,4.80,129824
2026-06-08 22:40:33,253,50,0.0000,5.26,121311
2026-06-08 22:40:35,254,47,0.0600,6.23,115933
2026-06-08 22:40:37,255,47,0.0600,6.96,114032
2026-06-08 22:40:39,256,49,0.0200,5.76,127228
2026-06-08 22:40:41,257,13,0.7400,60.38,16305
2026-06-08 22:40:43,258,50,0.0000,5.80,112121
2026-06-08 22:40:45,259,48,0.0400,7.67,112761
2026-06-08 22:40:47,260,14,0.7200,81.29,13367
2026-06-08 22:40:49,261,11,0.7800,117.00,6672
2026-06-08 22:40:51,262,18,0.6400,38.17,32487
2026-06-08 22:40:53,263,16,0.6800,35.50,34318
2026-06-08 22:40:55,264,22,0.5600,22.50,66448
2026-06-08 22:40:57,265,15,0.7000,65.40,16818
2026-06-08 22:40:59,266,17,0.6600,36.71,35436
2026-06-08 22:41:01,267,50,0.0000,4.76,129824
2026-06-08 22:41:03,268,48,0.0400,6.19,124631
2026-06-08 22:41:05,269,50,0.0000,6.30,132142
2026-06-08 22:41:07,270,50,0.0000,6.24,134545
2026-06-08 22:41:09,271,50,0.0000,5.10,112121
2026-06-08 22:41:11,272,38,0.2400,11.53,96965
2026-06-08 22:41:13,273,50,0.0000,6.32,107246
2026-06-08 22:41:15,274,45,0.1000,9.40,93802
2026-06-08 22:41:17,275,50,0.0000,6.42,119354
2026-06-08 22:41:19,276,50,0.0000,6.28,121311
2026-06-08 22:41:21,277,47,0.0600,8.13,128814
2026-06-08 22:41:23,278,49,0.0200,8.65,129500
2026-06-08 22:41:25,279,41,0.1800,10.17,118980
2026-06-08 22:41:27,280,50,0.0000,7.56,123333
2026-06-08 22:41:29,281,44,0.1200,7.41,101750
2026-06-08 22:41:31,282,32,0.3600,18.31,65777
2026-06-08 22:41:33,283,46,0.0800,8.00,111606
2026-06-08 22:41:35,284,49,0.0200,6.57,127228
2026-06-08 22:41:37,285,45,0.1000,8.24,121090
2026-06-08 22:41:39,286,49,0.0200,8.22,122915
2026-06-08 22:41:41,287,32,0.3600,12.19,81655
2026-06-08 22:41:43,288,49,0.0200,7.59,120866
2026-06-08 22:41:45,289,42,0.1600,8.48,87549
2026-06-08 22:41:47,290,42,0.1600,11.02,94181
2026-06-08 22:41:49,291,50,0.0000,9.32,98666
2026-06-08 22:41:51,292,50,0.0000,6.36,121311
2026-06-08 22:41:53,293,50,0.0000,7.18,121311
2026-06-08 22:41:55,294,50,0.0000,6.04,121311
2026-06-08 22:41:57,295,50,0.0000,6.62,121311
2026-06-08 22:41:59,296,50,0.0000,5.46,123333
2026-06-08 22:42:01,297,45,0.1000,9.80,118928
2026-06-08 22:42:03,298,50,0.0000,6.90,121311
2026-06-08 22:42:05,299,46,0.0800,7.28,123781
2026-06-08 22:42:07,300,28,0.4400,19.82,58366
2026-06-08 22:42:09,301,47,0.0600,7.21,97971
2026-06-08 22:42:11,302,46,0.0800,4.57,123781
2026-06-08 22:42:13,303,50,0.0000,3.46,127586
2026-06-08 22:42:15,304,50,0.0000,5.48,117460
2026-06-08 22:42:17,305,51,-0.0200,4.63,150960
2026-06-08 22:42:19,306,35,0.3000,12.89,71944
2026-06-08 22:42:21,307,49,0.0200,4.71,113312
2026-06-08 22:42:23,308,50,0.0000,4.06,117460
2026-06-08 22:42:25,309,50,0.0000,3.58,129824
2026-06-08 22:42:27,310,47,0.0600,5.34,128814
2026-06-08 22:42:29,311,50,0.0000,3.50,129824
2026-06-08 22:42:31,312,31,0.3800,13.97,66492
2026-06-08 22:42:33,313,50,0.0000,3.34,110447
2026-06-08 22:42:35,314,50,0.0000,4.76,121311
2026-06-08 22:42:37,315,39,0.2200,9.28,81295
2026-06-08 22:42:39,316,50,0.0000,7.04,94871
2026-06-08 22:42:41,317,50,0.0000,6.40,108823
2026-06-08 22:42:43,318,50,0.0000,3.94,127586
2026-06-08 22:42:45,319,47,0.0600,4.36,114032
2026-06-08 22:42:47,320,38,0.2400,13.61,65395
2026-06-08 22:42:49,321,50,0.0000,4.24,119354
2026-06-08 22:42:51,322,43,0.1400,7.88,102645
2026-06-08 22:42:53,323,48,0.0400,5.85,112761
2026-06-08 22:42:55,324,50,0.0000,4.52,127586
2026-06-08 22:42:57,325,50,0.0000,3.48,125423
2026-06-08 22:42:59,326,49,0.0200,6.47,108238
2026-06-08 22:43:01,327,41,0.1800,8.00,99475
2026-06-08 22:43:03,328,45,0.1000,7.07,112881
2026-06-08 22:43:05,329,50,0.0000,4.44,129824
2026-06-08 22:43:07,330,46,0.0800,7.50,123781
2026-06-08 22:43:09,331,50,0.0000,4.28,119354
2026-06-08 22:43:11,332,50,0.0000,3.66,129824
2026-06-08 22:43:13,333,34,0.3200,12.82,83866
2026-06-08 22:43:15,334,49,0.0200,4.69,116967
2026-06-08 22:43:17,335,44,0.1200,6.00,112275
2026-06-08 22:43:19,336,46,0.0800,6.28,115389
2026-06-08 22:43:21,337,46,0.0800,8.35,98666
2026-06-08 22:43:23,338,50,0.0000,4.50,117460
2026-06-08 22:43:25,339,37,0.2600,21.41,39681
2026-06-08 22:43:27,340,39,0.2200,8.87,99517
2026-06-08 22:43:29,341,50,0.0000,6.70,119354
2026-06-08 22:43:31,342,38,0.2400,9.13,104148
2026-06-08 22:43:33,343,49,0.0200,5.69,122915
2026-06-08 22:43:35,344,47,0.0600,6.32,122035
2026-06-08 22:43:37,345,49,0.0200,5.76,118885
2026-06-08 22:43:39,346,50,0.0000,4.04,127586
2026-06-08 22:43:41,347,49,0.0200,6.06,116967
2026-06-08 22:43:43,348,50,0.0000,5.12,121311
2026-06-08 22:43:45,349,50,0.0000,3.86,127586
2026-06-08 22:43:47,350,36,0.2800,10.89,106560
2026-06-08 22:43:49,351,50,0.0000,4.34,102777
2026-06-08 22:43:51,352,50,0.0000,4.32,132142
2026-06-08 22:43:53,353,50,0.0000,4.24,123333
2026-06-08 22:43:55,354,50,0.0000,4.38,132142
2026-06-08 22:43:57,355,43,0.1400,7.12,104327
2026-06-08 22:43:59,356,50,0.0000,5.60,129824
2026-06-08 22:44:01,357,45,0.1000,9.11,85384
2026-06-08 22:44:03,358,36,0.2800,15.33,70105
2026-06-08 22:44:05,359,50,0.0000,4.28,129824
2026-06-08 22:44:07,360,50,0.0000,3.72,113846
2026-06-08 22:44:09,361,50,0.0000,3.90,129824
2026-06-08 22:44:11,362,50,0.0000,4.18,115625
2026-06-08 22:44:13,363,47,0.0600,8.66,126472
2026-06-08 22:44:15,364,50,0.0000,5.52,127586
2026-06-08 22:44:17,365,50,0.0000,4.76,137037
2026-06-08 22:44:19,366,50,0.0000,3.94,121311
2026-06-08 22:44:21,367,50,0.0000,3.96,123333
2026-06-08 22:44:23,368,50,0.0000,6.88,102777
2026-06-08 22:44:25,369,50,0.0000,3.92,119354
2026-06-08 22:44:27,370,50,0.0000,7.58,104225
2026-06-08 22:44:29,371,45,0.1000,7.20,121090
2026-06-08 22:44:31,372,47,0.0600,9.83,114032
2026-06-08 22:44:33,373,50,0.0000,5.22,125423
2026-06-08 22:44:35,374,48,0.0400,8.25,129163
2026-06-08 22:44:37,375,46,0.0800,5.63,115389
2026-06-08 22:44:39,376,50,0.0000,4.44,115625
2026-06-08 22:44:41,377,50,0.0000,6.74,129824
2026-06-08 22:44:43,378,47,0.0600,6.11,115933
2026-06-08 22:44:45,379,41,0.1800,9.73,96317
2026-06-08 22:44:47,380,51,-0.0200,4.69,127932
2026-06-08 22:44:49,381,50,0.0000,5.22,125423
2026-06-08 22:44:51,382,50,0.0000,4.92,129824
2026-06-08 22:44:53,383,50,0.0000,7.32,104225
2026-06-08 22:44:55,384,50,0.0000,4.08,129824
2026-06-08 22:44:57,385,43,0.1400,11.74,92231
2026-06-08 22:44:59,386,28,0.4400,283.61,13498
2026-06-08 22:45:01,387,46,0.0800,8.54,101611
2026-06-08 22:45:03,388,50,0.0000,5.66,123333
2026-06-08 22:45:05,389,50,0.0000,5.44,132142
2026-06-08 22:45:07,390,47,0.0600,6.49,115933
2026-06-08 22:45:09,391,39,0.2200,9.10,103071
2026-06-08 22:45:11,392,19,0.6200,26.47,42606
2026-06-08 22:45:13,393,50,0.0000,5.22,132142
2026-06-08 22:45:15,394,50,0.0000,5.32,117460
2026-06-08 22:45:17,395,50,0.0000,7.38,119354
2026-06-08 22:45:19,396,50,0.0000,5.18,125423
2026-06-08 22:45:21,397,50,0.0000,6.20,129824
2026-06-08 22:45:23,398,49,0.0200,5.71,129500
2026-06-08 22:45:25,399,50,0.0000,6.10,134545
2026-06-08 22:45:27,400,50,0.0000,6.90,110447
2026-06-08 22:45:29,401,50,0.0000,5.96,132142
2026-06-08 22:45:31,402,50,0.0000,8.44,94871
2026-06-08 22:45:33,403,47,0.0600,8.26,107015
2026-06-08 22:45:35,404,48,0.0400,6.83,112761
2026-06-08 22:45:37,405,50,0.0000,5.96,113846
2026-06-08 22:45:39,406,50,0.0000,4.86,129824
2026-06-08 22:45:41,407,50,0.0000,6.18,112121
2026-06-08 22:45:43,408,50,0.0000,4.76,129824
2026-06-08 22:45:45,409,50,0.0000,4.68,129824
2026-06-08 22:45:47,410,50,0.0000,6.06,119354
2026-06-08 22:45:49,411,50,0.0000,5.30,121311
2026-06-08 22:45:51,412,50,0.0000,6.10,132142
2026-06-08 22:45:53,413,50,0.0000,5.42,129824
2026-06-08 22:45:55,414,50,0.0000,4.66,129824
2026-06-08 22:45:57,415,50,0.0000,5.76,121311
2026-06-08 22:45:59,416,50,0.0000,4.74,129824
2026-06-08 22:46:01,417,50,0.0000,5.52,112121
2026-06-08 22:46:03,418,50,0.0000,4.86,121311
2026-06-08 22:46:05,419,50,0.0000,5.28,113846
2026-06-08 22:46:07,420,50,0.0000,6.86,119354
2026-06-08 22:46:09,421,50,0.0000,7.60,145098
2026-06-08 22:46:11,422,49,0.0200,8.98,98000
2026-06-08 22:46:13,423,48,0.0400,8.75,118400
2026-06-08 22:46:15,424,38,0.2400,10.42,95322
2026-06-08 22:46:17,425,40,0.2000,12.43,103859
2026-06-08 22:46:19,426,50,0.0000,5.94,127586
2026-06-08 22:46:21,427,51,-0.0200,7.84,123737
2026-06-08 22:46:23,428,50,0.0000,6.42,125423
2026-06-08 22:46:25,429,50,0.0000,6.16,129824
2026-06-08 22:46:27,430,50,0.0000,6.92,101369
2026-06-08 22:46:29,431,50,0.0000,6.70,123333
2026-06-08 22:46:31,432,50,0.0000,5.84,115625
2026-06-08 22:46:33,433,47,0.0600,9.28,85876
2026-06-08 22:46:35,434,50,0.0000,6.32,129824
2026-06-08 22:46:37,435,51,-0.0200,6.12,107828
2026-06-08 22:46:39,436,24,0.5200,20.62,51478
2026-06-08 22:46:41,437,50,0.0000,5.80,129824
2026-06-08 22:46:43,438,50,0.0000,7.16,132142
2026-06-08 22:46:45,439,50,0.0000,6.06,127586
2026-06-08 22:46:47,440,34,0.3200,13.62,102693
2026-06-08 22:46:49,441,49,0.0200,7.35,120866
2026-06-08 22:46:51,442,50,0.0000,5.46,129824
2026-06-08 22:46:53,443,50,0.0000,6.66,132142
2026-06-08 22:46:55,444,48,0.0400,9.50,134037
2026-06-08 22:46:57,445,47,0.0600,8.36,122035
2026-06-08 22:46:59,446,30,0.4000,17.70,70476
2026-06-08 22:47:01,447,50,0.0000,10.06,97368
2026-06-08 22:47:03,448,48,0.0400,7.81,124631
2026-06-08 22:47:05,449,18,0.6400,99.06,11384
2026-06-08 22:47:07,450,50,0.0000,6.28,112121
2026-06-08 22:47:09,451,15,0.7000,39.07,76551
2026-06-08 22:47:11,452,50,0.0000,3.12,115625
2026-06-08 22:47:13,453,50,0.0000,3.02,127586
2026-06-08 22:47:15,454,50,0.0000,4.38,123333
2026-06-08 22:47:17,455,50,0.0000,4.14,129824
2026-06-08 22:47:19,456,50,0.0000,2.76,129824
2026-06-08 22:47:21,457,41,0.1800,10.83,72238
2026-06-08 22:47:23,458,50,0.0000,3.96,115625
2026-06-08 22:47:25,459,50,0.0000,3.38,127586
2026-06-08 22:47:27,460,38,0.2400,9.82,81507
2026-06-08 22:47:29,461,32,0.3600,15.62,59949
2026-06-08 22:47:31,462,50,0.0000,4.12,119354
2026-06-08 22:47:33,463,48,0.0400,6.58,124631
2026-06-08 22:47:35,464,41,0.1800,11.32,91939
2026-06-08 22:47:37,465,50,0.0000,3.28,134545
2026-06-08 22:47:39,466,36,0.2800,8.47,95142
2026-06-08 22:47:41,467,50,0.0000,4.58,115625
2026-06-08 22:47:43,468,37,0.2600,12.11,70205
2026-06-08 22:47:45,469,49,0.0200,5.63,134296
2026-06-08 22:47:47,470,14,0.7200,53.79,16444
2026-06-08 22:47:49,471,40,0.2000,8.93,109629
2026-06-08 22:47:51,472,48,0.0400,7.19,111000
2026-06-08 22:47:53,473,50,0.0000,3.38,119354
2026-06-08 22:47:55,474,50,0.0000,4.18,129824
2026-06-08 22:47:57,475,37,0.2600,11.35,88322
2026-06-08 22:47:59,476,15,0.7000,42.80,24395
2026-06-08 22:48:01,477,36,0.2800,8.53,95142
2026-06-08 22:48:03,478,26,0.4800,26.85,45809
2026-06-08 22:48:05,479,46,0.0800,10.07,94555
2026-06-08 22:48:07,480,43,0.1400,6.65,106066
2026-06-08 22:48:09,481,15,0.7000,44.40,24395
2026-06-08 22:48:11,482,39,0.2200,16.87,65590
2026-06-08 22:48:13,483,50,0.0000,5.22,115625
2026-06-08 22:48:15,484,50,0.0000,3.66,134545
2026-06-08 22:48:17,485,18,0.6400,33.39,38608
2026-06-08 22:48:19,486,35,0.3000,12.80,66410
2026-06-08 22:48:21,487,50,0.0000,3.78,129824
2026-06-08 22:48:23,488,32,0.3600,12.19,78933
2026-06-08 22:48:25,489,50,0.0000,4.12,119354
2026-06-08 22:48:27,490,45,0.1000,6.76,105714
2026-06-08 22:48:29,491,42,0.1600,10.52,64082
2026-06-08 22:48:31,492,40,0.2000,10.90,113846
2026-06-08 22:48:33,493,50,0.0000,5.82,129824
2026-06-08 22:48:35,494,8,0.8400,151.00,49333
2026-06-08 22:48:37,495,47,0.0600,8.79,105393
2026-06-08 22:48:39,496,50,0.0000,4.70,127586
2026-06-08 22:48:41,497,50,0.0000,5.78,110447
2026-06-08 22:48:43,498,21,0.5800,39.86,33063
2026-06-08 22:48:45,499,49,0.0200,5.12,125034
2026-06-08 22:48:47,500,50,0.0000,6.36,121311
2026-06-08 22:48:49,501,18,0.6400,27.06,98666
2026-06-08 22:48:51,502,43,0.1400,8.58,122384
2026-06-08 22:48:53,503,50,0.0000,5.12,123333
2026-06-08 22:48:55,504,50,0.0000,5.38,129824
2026-06-08 22:48:57,505,38,0.2400,12.82,80342
2026-06-08 22:48:59,506,49,0.0200,6.84,111569
2026-06-08 22:49:01,507,46,0.0800,6.72,121571
2026-06-08 22:49:03,508,29,0.4200,18.62,70360
2026-06-08 22:49:05,509,23,0.5400,26.74,56733
2026-06-08 22:49:07,510,46,0.0800,7.83,111606
2026-06-08 22:49:09,511,38,0.2400,9.71,100428
2026-06-08 22:49:11,512,33,0.3400,25.36,54876
2026-06-08 22:49:13,513,42,0.1600,8.45,90086
2026-06-08 22:49:15,514,48,0.0400,9.75,98666
2026-06-08 22:49:17,515,16,0.6800,44.50,49333
2026-06-08 22:49:19,516,18,0.6400,26.44,47571
2026-06-08 22:49:21,517,18,0.6400,36.39,30976
2026-06-08 22:49:23,518,32,0.3600,16.91,86109
2026-06-08 22:49:25,519,40,0.2000,14.10,95483
2026-06-08 22:49:27,520,32,0.3600,10.50,77639
2026-06-08 22:49:29,521,30,0.4000,14.83,71612
2026-06-08 22:49:31,522,48,0.0400,15.29,59697
2026-06-08 22:49:33,523,34,0.3200,17.12,81161
2026-06-08 22:49:35,524,17,0.6600,305.53,1258000
2026-06-08 22:49:37,525,33,0.3400,10.45,88800
2026-06-08 22:49:39,526,34,0.3200,12.38,85288
2026-06-08 22:49:41,527,43,0.1400,10.67,104327
2026-06-08 22:49:43,528,38,0.2400,36.61,234333
2026-06-08 22:49:45,529,43,0.1400,15.40,92231
2026-06-08 22:49:47,530,37,0.2600,12.65,86920
2026-06-08 22:49:49,531,12,0.7600,60.25,21142
2026-06-08 22:49:51,532,50,0.0000,8.16,172093
2026-06-08 22:49:53,533,46,0.0800,10.00,119438
2026-06-08 22:49:55,534,21,0.5800,151.67,8730
2026-06-08 22:49:57,535,45,0.1000,10.49,92500
2026-06-08 22:49:59,536,50,0.0000,9.00,97368
2026-06-08 22:50:01,537,44,0.1200,8.61,106754
2026-06-08 22:50:03,538,44,0.1200,7.82,112275
2026-06-08 22:50:05,539,43,0.1400,9.16,102645
2026-06-08 22:50:07,540,37,0.2600,11.43,103320
2026-06-08 22:50:09,541,42,0.1600,14.05,98666
2026-06-08 22:50:11,542,50,0.0000,5.12,129824
2026-06-08 22:50:13,543,46,0.0800,9.00,113466
2026-06-08 22:50:15,544,50,0.0000,5.26,125423
2026-06-08 22:50:17,545,49,0.0200,9.78,96693
2026-06-08 22:50:19,546,41,0.1800,9.59,101133
2026-06-08 22:50:21,547,29,0.4200,17.24,84156
2026-06-08 22:50:23,548,43,0.1400,9.37,102645
2026-06-08 22:50:25,549,50,0.0000,8.86,108823
2026-06-08 22:50:27,550,24,0.5200,22.75,114580
2026-06-08 22:50:29,551,20,0.6000,26.50,45538
2026-06-08 22:50:31,552,38,0.2400,11.84,85212
2026-06-08 22:50:33,553,50,0.0000,8.96,112121
2026-06-08 22:50:35,554,31,0.3800,16.03,76466
2026-06-08 22:50:37,555,39,0.2200,20.95,96200
2026-06-08 22:50:39,556,43,0.1400,13.49,106066
2026-06-08 22:50:41,557,27,0.4600,24.00,75396
2026-06-08 22:50:43,558,21,0.5800,84.48,10058
2026-06-08 22:50:45,559,46,0.0800,10.46,115389
2026-06-08 22:50:47,560,13,0.7400,67.23,13268
2026-06-08 22:50:49,561,16,0.6800,46.94,30358
2026-06-08 22:50:51,562,20,0.6000,40.70,42285
2026-06-08 22:50:53,563,41,0.1800,13.59,93353
2026-06-08 22:50:55,564,22,0.5600,20.05,60296
2026-06-08 22:50:57,565,30,0.4000,31.27,41495
2026-06-08 22:50:59,566,25,0.5000,125.12,9919
2026-06-08 22:51:01,567,32,0.3600,20.44,71757
2026-06-08 22:51:03,568,19,0.6200,24.37,55137
2026-06-08 22:51:05,569,34,0.3200,11.88,82491
2026-06-08 22:51:07,570,48,0.0400,10.92,81655
2026-06-08 22:51:09,571,28,0.4400,26.43,64750
2026-06-08 22:51:11,572,50,0.0000,10.14,132142
2026-06-08 22:51:13,573,26,0.4800,17.69,68714
2026-06-08 22:51:15,574,39,0.2200,17.28,76960
2026-06-08 22:51:17,575,43,0.1400,18.28,74000
2026-06-08 22:51:19,576,32,0.3600,14.66,77639
2026-06-08 22:51:21,577,42,0.1600,12.69,100258
2026-06-08 22:51:23,578,16,0.6800,91.00,12333
2026-06-08 22:51:25,579,47,0.0600,12.91,100811
2026-06-08 22:51:27,580,37,0.2600,14.84,99563
2026-06-08 22:51:29,581,44,0.1200,22.91,180888
2026-06-08 22:51:31,582,31,0.3800,26.77,65542
2026-06-08 22:51:35,583,37,0.2600,13.95,81731
2026-06-08 22:51:36,584,13,0.7400,3150.15,1181
2026-06-08 22:51:37,585,19,0.6200,1294.11,1406000
2026-06-08 22:51:39,586,12,0.7600,61.67,12776
2026-06-08 22:51:41,587,50,0.0000,12.08,107246
2026-06-08 22:51:43,588,31,0.3800,24.03,62849
2026-06-08 22:51:45,589,22,0.5600,22.36,56137
2026-06-08 22:51:47,590,42,0.1600,9.17,111000
2026-06-08 22:51:49,591,46,0.0800,15.02,101611
2026-06-08 22:51:51,592,38,0.2400,20.42,74986
2026-06-08 22:51:53,593,33,0.3400,20.76,53086
2026-06-08 22:51:55,594,42,0.1600,20.36,55500
2026-06-08 22:51:57,595,33,0.3400,15.24,80065
2026-06-08 22:51:59,596,44,0.1200,13.09,98666
2026-06-08 22:52:01,597,44,0.1200,83.73,17136
2026-06-08 22:52:03,598,49,0.0200,10.27,131854
2026-06-08 22:52:05,599,33,0.3400,14.48,81400
2026-06-08 22:52:07,600,50,0.0000,6.72,127586
2026-06-08 22:52:09,601,42,0.1600,11.26,103600
2026-06-08 22:52:11,602,41,0.1800,16.63,104620
2026-06-08 22:52:13,603,27,0.4600,197.70,11684
2026-06-08 22:52:15,604,32,0.3600,15.00,70686
2026-06-08 22:52:17,605,50,0.0000,7.40,108823
2026-06-08 22:52:19,606,47,0.0600,5.68,112193
2026-06-08 22:52:21,607,36,0.2800,11.67,90305
2026-06-08 22:52:23,608,38,0.2400,19.37,100428
2026-06-08 22:52:25,609,38,0.2400,16.66,216307
2026-06-08 22:52:27,610,40,0.2000,28.30,204137
2026-06-08 22:52:29,611,49,0.0200,8.45,122915
2026-06-08 22:52:31,612,43,0.1400,21.47,45134
2026-06-08 22:52:33,613,43,0.1400,7.28,104327
2026-06-08 22:52:35,614,23,0.5400,243.65,8705
2026-06-08 22:52:37,615,23,0.5400,18.00,189111
2026-06-08 22:52:39,616,37,0.2600,10.03,86920
2026-06-08 22:52:41,617,25,0.5000,17.64,57812
2026-06-08 22:52:43,618,45,0.1000,13.00,86493
2026-06-08 22:52:45,619,49,0.0200,12.24,71098
2026-06-08 22:52:47,620,43,0.1400,7.19,113642
2026-06-08 22:52:49,621,29,0.4200,14.69,68126
2026-06-08 22:52:51,622,36,0.2800,14.06,88800
2026-06-08 22:52:53,623,33,0.3400,10.21,152625
2026-06-08 22:52:55,624,20,0.6000,19.80,56923
2026-06-08 22:52:57,625,33,0.3400,12.97,75138
2026-06-08 22:52:59,626,48,0.0400,9.94,112761
2026-06-08 22:53:01,627,44,0.1200,10.27,97194
2026-06-08 22:53:03,628,43,0.1400,13.81,74870
2026-06-08 22:53:05,629,32,0.3600,13.22,89358
2026-06-08 22:53:07,630,36,0.2800,17.94,41625
2026-06-08 22:53:09,631,36,0.2800,13.14,78352
2026-06-08 22:53:11,632,43,0.1400,10.12,111649
2026-06-08 22:53:13,633,13,0.7400,48.31,83652
2026-06-08 22:53:15,634,37,0.2600,11.38,89770
2026-06-08 22:53:17,635,43,0.1400,10.05,97907
2026-06-08 22:53:19,636,35,0.3000,13.14,83548
2026-06-08 22:53:21,637,29,0.4200,15.28,68126
2026-06-08 22:53:23,638,48,0.0400,8.75,122482
2026-06-08 22:53:25,639,35,0.3000,13.26,94181
2026-06-08 22:53:27,640,44,0.1200,125.73,17647
2026-06-08 22:53:29,641,42,0.1600,8.17,109052
2026-06-08 22:53:31,642,31,0.3800,13.97,106697
2026-06-08 22:53:33,643,39,0.2200,8.33,96200
2026-06-08 22:53:35,644,39,0.2200,12.54,80166
2026-06-08 22:53:37,645,32,0.3600,10.53,84571
2026-06-08 22:53:39,646,48,0.0400,8.27,118400
2026-06-08 22:53:41,647,30,0.4000,14.10,80727
2026-06-08 22:53:43,648,14,0.7200,45.21,22769
2026-06-08 22:53:45,649,20,0.6000,290.20,9278
2026-06-08 22:53:47,650,41,0.1800,7.22,108357
2026-06-08 22:53:49,651,33,0.3400,20.55,92150
2026-06-08 22:53:51,652,50,0.0000,7.14,105714
2026-06-08 22:53:53,653,47,0.0600,8.34,112193
2026-06-08 22:53:55,654,18,0.6400,41.17,29274
2026-06-08 22:53:57,655,38,0.2400,10.68,90709
2026-06-08 22:53:59,656,40,0.2000,13.40,84571
2026-06-08 22:54:01,657,46,0.0800,9.76,128452
2026-06-08 22:54:03,658,9,0.8200,94.67,7611
2026-06-08 22:54:05,659,51,-0.0200,7.22,134785
2026-06-08 22:54:07,660,49,0.0200,8.35,134296
2026-06-08 22:54:09,661,19,0.6200,51.26,21968
2026-06-08 22:54:11,662,50,0.0000,9.28,92500
2026-06-08 22:54:13,663,50,0.0000,7.32,125423
2026-06-08 22:54:15,664,42,0.1600,19.57,100258
2026-06-08 22:54:17,665,40,0.2000,10.35,102068
2026-06-08 22:54:19,666,43,0.1400,26.67,49333
2026-06-08 22:54:21,667,26,0.4800,20.42,63081
2026-06-08 22:54:23,668,48,0.0400,6.29,116459
2026-06-08 22:54:25,669,23,0.5400,18.65,63037
2026-06-08 22:54:27,670,18,0.6400,41.28,27750
2026-06-08 22:54:29,671,44,0.1200,7.57,118400
2026-06-08 22:54:31,672,39,0.2200,13.33,169764
2026-06-08 22:54:33,673,39,0.2200,12.92,101263
2026-06-08 22:54:35,674,46,0.0800,14.37,61333
2026-06-08 22:54:37,675,33,0.3400,153.70,14364
2026-06-08 22:54:39,676,43,0.1400,11.77,113642
2026-06-08 22:54:41,677,24,0.5200,39.75,26311
2026-06-08 22:54:43,678,13,0.7400,38.08,34357
2026-06-08 22:54:45,679,20,0.6000,24.85,52857
2026-06-08 22:54:47,680,24,0.5200,19.96,111000
2026-06-08 22:54:49,681,23,0.5400,25.09,60785
2026-06-08 22:54:51,682,9,0.8200,76.67,16444
2026-06-08 22:54:53,683,27,0.4600,35.15,61476
2026-06-08 22:54:55,684,16,0.6800,55.19,15477
2026-06-08 22:54:57,685,21,0.5800,48.90,24864
2026-06-08 22:54:59,686,1,0.9800,218.00,0
2026-06-08 22:55:01,687,10,0.8000,63.70,32888
2026-06-08 22:55:03,688,43,0.1400,10.12,89633
2026-06-08 22:55:05,689,8,0.8400,74.50,1184000
2026-06-08 22:55:07,690,12,0.7600,57.92,32888
2026-06-08 22:55:09,691,42,0.1600,11.36,82880
2026-06-08 22:55:11,692,41,0.1800,17.24,68179
2026-06-08 22:55:13,693,35,0.3000,10.23,92500
2026-06-08 22:55:15,694,8,0.8400,70.25,197333
2026-06-08 22:55:17,695,43,0.1400,22.49,64282
2026-06-08 22:55:19,696,45,0.1000,9.91,97941
2026-06-08 22:55:21,697,40,0.2000,16.27,66516
2026-06-08 22:55:23,698,38,0.2400,15.63,108153
2026-06-08 22:55:25,699,40,0.2000,12.12,103859
2026-06-08 22:55:27,700,37,0.2600,16.27,86920
2026-06-08 22:55:29,701,11,0.7800,121.00,7109
2026-06-08 22:55:31,702,14,0.7200,77.07,16709
2026-06-08 22:55:33,703,50,0.0000,8.78,74747
2026-06-08 22:55:35,704,8,0.8400,81.62,23215
2026-06-08 22:55:37,705,12,0.7600,79.08,18309
2026-06-08 22:55:39,706,40,0.2000,24.32,53333
2026-06-08 22:55:41,707,25,0.5000,36.28,53623
2026-06-08 22:55:43,708,50,0.0000,7.38,127586
2026-06-08 22:55:45,709,48,0.0400,7.25,124631
2026-06-08 22:55:47,710,50,0.0000,6.66,129824
2026-06-08 22:55:49,711,10,0.8000,66.00,16818
2026-06-08 22:55:51,712,43,0.1400,9.28,107864
2026-06-08 22:55:53,713,32,0.3600,15.38,112761
2026-06-08 22:55:55,714,49,0.0200,8.49,116967
2026-06-08 22:55:57,715,44,0.1200,8.52,114245
2026-06-08 22:55:59,716,35,0.3000,15.09,87796
2026-06-08 22:56:01,717,50,0.0000,7.24,123333
2026-06-08 22:56:03,718,50,0.0000,6.96,127586
2026-06-08 22:56:05,719,50,0.0000,9.90,107246
2026-06-08 22:56:07,720,50,0.0000,9.10,108823
2026-06-08 22:56:09,721,50,0.0000,8.48,117460
2026-06-08 22:56:11,722,50,0.0000,10.92,125423
2026-06-08 22:56:13,723,50,0.0000,8.08,112121
2026-06-08 22:56:15,724,29,0.4200,18.93,70360
2026-06-08 22:56:17,725,50,0.0000,6.44,127586
2026-06-08 22:56:19,726,49,0.0200,8.43,129500
2026-06-08 22:56:21,727,50,0.0000,8.44,115625
2026-06-08 22:56:23,728,50,0.0000,6.98,132142
2026-06-08 22:56:25,729,50,0.0000,6.54,129824
2026-06-08 22:56:27,730,50,0.0000,7.84,134545
2026-06-08 22:56:29,731,50,0.0000,6.94,132142
2026-06-08 22:56:31,732,50,0.0000,6.30,129824
2026-06-08 22:56:33,733,50,0.0000,8.16,129824
2026-06-08 22:56:35,734,50,0.0000,7.88,127586
2026-06-08 22:56:37,735,27,0.4600,21.15,61476
2026-06-08 22:56:39,736,50,0.0000,9.44,121311
2026-06-08 22:56:41,737,48,0.0400,8.85,122482
2026-06-08 22:56:43,738,48,0.0400,11.69,97315
2026-06-08 22:56:45,739,50,0.0000,6.78,129824
2026-06-08 22:56:47,740,50,0.0000,6.58,129824
2026-06-08 22:56:49,741,50,0.0000,6.82,121311
2026-06-08 22:56:51,742,49,0.0200,8.04,118885
2026-06-08 22:56:53,743,40,0.2000,13.03,87058
2026-06-08 22:56:55,744,50,0.0000,6.92,121311
2026-06-08 22:56:57,745,28,0.4400,17.07,75345
2026-06-08 22:56:59,746,50,0.0000,8.20,151020
2026-06-08 22:57:01,747,50,0.0000,6.96,127586
2026-06-08 22:57:03,748,45,0.1000,12.93,91232
2026-06-08 22:57:05,749,50,0.0000,7.56,129824
2026-06-08 22:57:07,750,41,0.1800,15.15,91939
2026-06-08 22:57:09,751,42,0.1600,14.33,88799
2026-06-08 22:57:11,752,31,0.3800,17.10,71687
2026-06-08 22:57:13,753,48,0.0400,9.00,118400
2026-06-08 22:57:15,754,50,0.0000,2.48,104225
2026-06-08 22:57:17,755,49,0.0200,4.49,125034
2026-06-08 22:57:19,756,33,0.3400,10.91,90444
2026-06-08 22:57:21,757,50,0.0000,2.42,123333
2026-06-08 22:57:23,758,49,0.0200,8.39,73252
2026-06-08 22:57:25,759,49,0.0200,3.63,131854
2026-06-08 22:57:27,760,45,0.1000,8.89,102461
2026-06-08 22:57:29,761,30,0.4000,15.77,66268
2026-06-08 22:57:31,762,47,0.0600,6.53,105393
2026-06-08 22:57:33,763,44,0.1200,8.55,90444
2026-06-08 22:57:35,764,41,0.1800,9.46,106456
2026-06-08 22:57:37,765,40,0.2000,11.45,77894
2026-06-08 22:57:39,766,47,0.0600,8.04,100811
2026-06-08 22:57:41,767,49,0.0200,7.18,100722
2026-06-08 22:57:43,768,50,0.0000,2.86,112121
2026-06-08 22:57:45,769,49,0.0200,8.43,127228
2026-06-08 22:57:47,770,39,0.2200,13.21,82457
2026-06-08 22:57:49,771,49,0.0200,3.96,127228
2026-06-08 22:57:51,772,49,0.0200,4.18,127228
2026-06-08 22:57:53,773,48,0.0400,6.25,131555
2026-06-08 22:57:55,774,40,0.2000,9.50,80000
2026-06-08 22:57:57,775,50,0.0000,3.40,129824
2026-06-08 22:57:59,776,50,0.0000,3.62,125423
2026-06-08 22:58:01,777,47,0.0600,5.77,126472
2026-06-08 22:58:03,778,41,0.1800,9.37,93353
2026-06-08 22:58:05,779,50,0.0000,4.82,134545
2026-06-08 22:58:07,780,45,0.1000,12.87,86493
2026-06-08 22:58:09,781,32,0.3600,12.81,86109
2026-06-08 22:58:11,782,23,0.5400,15.78,56733
2026-06-08 22:58:13,783,44,0.1200,8.25,118400
2026-06-08 22:58:15,784,21,0.5800,28.57,53586
2026-06-08 22:58:17,785,40,0.2000,43.25,18913
2026-06-08 22:58:19,786,27,0.4600,18.63,81551
2026-06-08 22:58:21,787,12,0.7600,44.00,37787
2026-06-08 22:58:23,788,47,0.0600,11.40,95287
2026-06-08 22:58:25,789,24,0.5200,28.08,56380
2026-06-08 22:58:27,790,30,0.4000,13.03,74000
2026-06-08 22:58:29,791,47,0.0600,9.11,122035
2026-06-08 22:58:31,792,48,0.0400,18.35,111000
2026-06-08 22:58:33,793,44,0.1200,14.43,72355
2026-06-08 22:58:35,794,13,0.7400,35.00,33172
2026-06-08 22:58:37,795,36,0.2800,8.83,98666
2026-06-08 22:58:39,796,26,0.4800,25.73,36301
2026-06-08 22:58:41,797,46,0.0800,11.20,88415
2026-06-08 22:58:43,798,50,0.0000,7.46,125423
2026-06-08 22:58:45,799,38,0.2400,20.03,89269
2026-06-08 22:58:47,800,23,0.5400,100.91,9250
2026-06-08 22:58:49,801,30,0.4000,20.70,70476
2026-06-08 22:58:51,802,46,0.0800,13.91,83024
2026-06-08 22:58:53,803,16,0.6800,31.38,84571
2026-06-08 22:58:55,804,44,0.1200,14.05,86826
2026-06-08 22:58:57,805,37,0.2600,11.11,77126
2026-06-08 22:58:59,806,45,0.1000,12.02,100909
2026-06-08 22:59:01,807,34,0.3200,11.65,89857
2026-06-08 22:59:03,808,34,0.3200,11.12,81161
2026-06-08 22:59:05,809,45,0.1000,9.91,112881
2026-06-08 22:59:07,810,44,0.1200,25.70,76611
2026-06-08 22:59:09,811,46,0.0800,14.78,76494
2026-06-08 22:59:11,812,32,0.3600,12.50,84571
2026-06-08 22:59:13,813,36,0.2800,23.78,88800
2026-06-08 22:59:15,814,22,0.5600,28.64,39707
2026-06-08 22:59:17,815,42,0.1600,15.40,117283
2026-06-08 22:59:19,816,29,0.4200,14.10,70360
2026-06-08 22:59:21,817,50,0.0000,5.98,108823
2026-06-08 22:59:23,818,49,0.0200,11.14,127228
2026-06-08 22:59:25,819,38,0.2400,14.66,79211
2026-06-08 22:59:27,820,36,0.2800,33.19,87344
2026-06-08 22:59:29,821,37,0.2600,9.78,88322
2026-06-08 22:59:31,822,35,0.3000,14.86,70000
2026-06-08 22:59:33,823,28,0.4400,21.93,56767
2026-06-08 22:59:35,824,45,0.1000,33.82,22126
2026-06-08 22:59:37,825,17,0.6600,25.59,42644
2026-06-08 22:59:39,826,31,0.3800,13.52,75213
2026-06-08 22:59:41,827,43,0.1400,9.28,97907
2026-06-08 22:59:43,828,40,0.2000,17.80,87058
2026-06-08 22:59:45,829,46,0.0800,9.33,111606
2026-06-08 22:59:47,830,42,0.1600,8.05,105355
2026-06-08 22:59:49,831,30,0.4000,17.37,66268
2026-06-08 22:59:51,832,31,0.3800,19.10,70584
2026-06-08 22:59:53,833,20,0.6000,30.20,37948
2026-06-08 22:59:55,834,33,0.3400,14.52,77523
2026-06-08 22:59:57,835,42,0.1600,8.00,117283
2026-06-08 22:59:59,836,12,0.7600,52.08,40363
2026-06-08 23:00:01,837,40,0.2000,32.75,42589
2026-06-08 23:00:03,838,16,0.6800,31.12,112761
2026-06-08 23:00:05,839,29,0.4200,17.31,61314
2026-06-08 23:00:07,840,18,0.6400,28.17,39176
2026-06-08 23:00:09,841,40,0.2000,91.83,15257
2026-06-08 23:00:11,842,47,0.0600,21.21,82809
2026-06-08 23:00:13,843,37,0.2600,10.86,101407
2026-06-08 23:00:15,844,26,0.4800,18.85,61079
2026-06-08 23:00:17,845,9,0.8200,189.56,6561
2026-06-08 23:00:19,846,23,0.5400,301.74,1702000
2026-06-08 23:00:21,847,23,0.5400,25.43,52369
2026-06-08 23:00:23,848,44,0.1200,14.95,112275
2026-06-08 23:00:25,849,20,0.6000,30.25,36097
2026-06-08 23:00:27,850,25,0.5000,30.08,42045
2026-06-08 23:00:29,851,20,0.6000,43.35,140952
2026-06-08 23:00:31,852,38,0.2400,11.68,98666
2026-06-08 23:00:33,853,20,0.6000,40.70,49333
2026-06-08 23:00:35,854,45,0.1000,7.24,116842
2026-06-08 23:00:37,855,46,0.0800,39.17,680800
2026-06-08 23:00:39,856,40,0.2000,13.95,89696
2026-06-08 23:00:41,857,33,0.3400,26.58,72895
2026-06-08 23:00:43,858,15,0.7000,45.00,92500
2026-06-08 23:00:45,859,11,0.7800,42.55,26688
2026-06-08 23:00:47,860,22,0.5600,28.95,44602
2026-06-08 23:00:49,861,36,0.2800,18.44,77217
2026-06-08 23:00:51,862,38,0.2400,12.84,90709
2026-06-08 23:00:53,863,28,0.4400,18.43,69066
2026-06-08 23:00:55,864,38,0.2400,14.11,89269
2026-06-08 23:00:57,865,18,0.6400,37.72,45152
2026-06-08 23:00:59,866,43,0.1400,18.02,70711
2026-06-08 23:01:01,867,40,0.2000,13.78,103859
2026-06-08 23:01:03,868,37,0.2600,13.76,91266
2026-06-08 23:01:05,869,44,0.1200,10.61,100184
2026-06-08 23:01:07,870,43,0.1400,11.44,101015
2026-06-08 23:01:09,871,12,0.7600,39.67,30101
2026-06-08 23:01:11,872,44,0.1200,10.07,105032
2026-06-08 23:01:13,873,28,0.4400,44.21,29812
2026-06-08 23:01:15,874,26,0.4800,33.54,54197
2026-06-08 23:01:17,875,32,0.3600,12.31,80271
2026-06-08 23:01:19,876,20,0.6000,35.40,34418
2026-06-08 23:01:21,877,13,0.7400,66.69,15642
2026-06-08 23:01:23,878,29,0.4200,17.34,78036
2026-06-08 23:01:25,879,35,0.3000,12.40,132820
2026-06-08 23:01:27,880,37,0.2600,15.24,114083
2026-06-08 23:01:29,881,25,0.5000,19.12,60655
2026-06-08 23:01:31,882,45,0.1000,9.96,135918
2026-06-08 23:01:33,883,38,0.2400,15.87,117166
2026-06-08 23:01:35,884,50,0.0000,6.34,117460
2026-06-08 23:01:37,885,36,0.2800,13.86,96872
2026-06-08 23:01:39,886,37,0.2600,16.54,85562
2026-06-08 23:01:41,887,45,0.1000,12.78,107419
2026-06-08 23:01:43,888,30,0.4000,27.57,50454
2026-06-08 23:01:45,889,31,0.3800,20.26,71687
2026-06-08 23:01:47,890,34,0.3200,21.12,78625
2026-06-08 23:01:49,891,49,0.0200,11.55,90650
2026-06-08 23:01:51,892,50,0.0000,11.34,200000
2026-06-08 23:01:53,893,38,0.2400,26.11,74986
2026-06-08 23:01:55,894,50,0.0000,9.76,129824
2026-06-08 23:01:57,895,21,0.5800,297.48,3108000
2026-06-08 23:01:59,896,48,0.0400,13.31,101485
2026-06-08 23:02:01,897,34,0.3200,17.71,76242
2026-06-08 23:02:03,898,32,0.3600,224.72,13416
2026-06-08 23:02:05,899,50,0.0000,8.30,142307
2026-06-08 23:02:07,900,31,0.3800,26.26,52136
2026-06-08 23:02:09,901,47,0.0600,11.62,126472
2026-06-08 23:02:11,902,29,0.4200,18.28,72745
2026-06-08 23:02:13,903,44,0.1200,10.52,108533
2026-06-08 23:02:15,904,48,0.0400,12.73,84571
2026-06-08 23:02:17,905,42,0.1600,10.50,88799
2026-06-08 23:02:19,906,41,0.1800,10.34,106456
2026-06-08 23:02:21,907,34,0.3200,11.41,152484
2026-06-08 23:02:23,908,42,0.1600,10.90,82880
2026-06-08 23:02:25,909,40,0.2000,78.08,16263
2026-06-08 23:02:27,910,20,0.6000,23.20,45538
2026-06-08 23:02:29,911,49,0.0200,23.39,68415
2026-06-08 23:02:31,912,27,0.4600,21.52,61476
2026-06-08 23:02:33,913,38,0.2400,10.26,81507
2026-06-08 23:02:35,914,34,0.3200,30.12,62900
2026-06-08 23:02:37,915,48,0.0400,8.08,112761
2026-06-08 23:02:39,916,28,0.4400,15.61,65777
2026-06-08 23:02:41,917,46,0.0800,7.89,95887
2026-06-08 23:02:43,918,50,0.0000,9.44,180487
2026-06-08 23:02:45,919,48,0.0400,8.00,112761
2026-06-08 23:02:47,920,15,0.7000,346.07,1110000
2026-06-08 23:02:49,921,25,0.5000,30.68,31355
2026-06-08 23:02:51,922,25,0.5000,22.20,56060
2026-06-08 23:02:53,923,50,0.0000,6.52,154166
2026-06-08 23:02:55,924,39,0.2200,11.18,103071
2026-06-08 23:02:57,925,33,0.3400,13.48,74000
2026-06-08 23:02:59,926,50,0.0000,7.38,104225
2026-06-08 23:03:01,927,33,0.3400,12.45,82779
2026-06-08 23:03:03,928,38,0.2400,13.55,90709
2026-06-08 23:03:05,929,45,0.1000,11.09,87631
2026-06-08 23:03:07,930,47,0.0600,8.77,107015
2026-06-08 23:03:09,931,37,0.2600,9.32,171125
2026-06-08 23:03:11,932,8,0.8400,58.88,592000
2026-06-08 23:03:13,933,45,0.1000,12.76,97941
2026-06-08 23:03:15,934,39,0.2200,16.51,75947
2026-06-08 23:03:17,935,48,0.0400,8.19,114580
2026-06-08 23:03:19,936,40,0.2000,11.38,102068
2026-06-08 23:03:21,937,35,0.3000,12.63,84918
2026-06-08 23:03:23,938,31,0.3800,17.74,58820
2026-06-08 23:03:25,939,50,0.0000,8.70,94871
2026-06-08 23:03:27,940,50,0.0000,8.60,123333
2026-06-08 23:03:29,941,33,0.3400,11.00,84206
2026-06-08 23:03:31,942,49,0.0200,10.16,122915
2026-06-08 23:03:33,943,50,0.0000,8.82,110447
2026-06-08 23:03:35,944,38,0.2400,12.50,181419
2026-06-08 23:03:37,945,45,0.1000,11.89,107419
2026-06-08 23:03:39,946,50,0.0000,10.94,132142
2026-06-08 23:03:41,947,39,0.2200,14.44,84882
2026-06-08 23:03:43,948,16,0.6800,50.00,28878
2026-06-08 23:03:45,949,33,0.3400,16.18,55500
2026-06-08 23:03:47,950,36,0.2800,12.31,95142
2026-06-08 23:03:49,951,42,0.1600,10.69,101901
2026-06-08 23:03:51,952,50,0.0000,9.82,107246
2026-06-08 23:03:53,953,40,0.2000,12.47,103859
2026-06-08 23:03:55,954,35,0.3000,10.54,95925
2026-06-08 23:03:57,955,15,0.7000,34.00,35238
2026-06-08 23:03:59,956,39,0.2200,19.49,87454
2026-06-08 23:04:01,957,44,0.1200,12.30,158829
2026-06-08 23:04:03,958,50,0.0000,6.06,125423
2026-06-08 23:04:05,959,22,0.5600,24.09,59200
2026-06-08 23:04:07,960,23,0.5400,28.26,45386
2026-06-08 23:04:09,961,33,0.3400,14.76,180888
2026-06-08 23:04:11,962,26,0.4800,25.65,55768
2026-06-08 23:04:13,963,25,0.5000,20.08,60655
2026-06-08 23:04:15,964,37,0.2600,84.70,15296
2026-06-08 23:04:17,965,41,0.1800,16.76,85464
2026-06-08 23:04:19,966,50,0.0000,9.16,121311
2026-06-08 23:04:21,967,36,0.2800,18.06,96872
2026-06-08 23:04:23,968,50,0.0000,7.18,127586
2026-06-08 23:04:25,969,46,0.0800,11.89,109806
2026-06-08 23:04:27,970,37,0.2600,12.46,140410
2026-06-08 23:04:29,971,8,0.8400,212.62,1184000
2026-06-08 23:04:31,972,24,0.5200,31.58,32290
2026-06-08 23:04:33,973,33,0.3400,18.52,32344
2026-06-08 23:04:35,974,21,0.5800,28.24,43774
2026-06-08 23:04:37,975,33,0.3400,13.30,80065
2026-06-08 23:04:39,976,28,0.4400,17.64,72701
2026-06-08 23:04:41,977,49,0.0200,22.88,50713
2026-06-08 23:04:43,978,48,0.0400,12.40,92259
2026-06-08 23:04:45,979,46,0.0800,10.20,115389
2026-06-08 23:04:47,980,15,0.7000,38.33,28461
2026-06-08 23:04:49,981,45,0.1000,141.31,19304
2026-06-08 23:04:51,982,31,0.3800,20.90,79103
2026-06-08 23:04:53,983,49,0.0200,17.67,75541
2026-06-08 23:04:55,984,39,0.2200,12.51,108905
2026-06-08 23:04:57,985,35,0.3000,12.09,90877
2026-06-08 23:04:59,986,25,0.5000,34.88,27819
2026-06-08 23:05:01,987,50,0.0000,10.64,107246
2026-06-08 23:05:03,988,45,0.1000,12.13,64660
2026-06-08 23:05:05,989,17,0.6600,42.35,34944
2026-06-08 23:05:07,990,39,0.2200,13.18,84882
2026-06-08 23:05:09,991,36,0.2800,17.17,91862
2026-06-08 23:05:11,992,37,0.2600,24.57,55313
2026-06-08 23:05:13,993,31,0.3800,280.32,14611
2026-06-08 23:05:15,994,45,0.1000,29.36,92500
2026-06-08 23:05:17,995,44,0.1200,12.82,83487
2026-06-08 23:05:19,996,50,0.0000,25.84,90243
2026-06-08 23:05:21,997,41,0.1800,10.54,106456
2026-06-08 23:05:23,998,42,0.1600,12.24,105355
2026-06-08 23:05:25,999,35,0.3000,16.89,83548
2026-06-08 23:05:27,1000,50,0.0000,10.84,100000
2026-06-08 23:05:29,1001,43,0.1400,14.26,117851
2026-06-08 23:05:31,1002,27,0.4600,18.59,74000
2026-06-08 23:05:33,1003,39,0.2200,12.62,88800
2026-06-08 23:05:35,1004,41,0.1800,16.61,80906
2026-06-08 23:05:37,1005,27,0.4600,16.15,78352
2026-06-08 23:05:39,1006,26,0.4800,18.50,69963
2026-06-08 23:05:41,1007,38,0.2400,13.82,100428
2026-06-08 23:05:43,1008,42,0.1600,12.74,117283
2026-06-08 23:05:45,1009,24,0.5200,28.50,54646
2026-06-08 23:05:47,1010,38,0.2400,12.89,106113
2026-06-08 23:05:49,1011,21,0.5800,25.05,51800
2026-06-08 23:05:51,1012,46,0.0800,16.15,81047
2026-06-08 23:05:53,1013,49,0.0200,19.16,87373
2026-06-08 23:05:55,1014,12,0.7600,80.00,15179
2026-06-08 23:05:57,1015,34,0.3200,16.50,83866
2026-06-08 23:05:59,1016,50,0.0000,9.58,134545
2026-06-08 23:06:01,1017,25,0.5000,28.20,52857
2026-06-08 23:06:03,1018,37,0.2600,13.00,109520
2026-06-08 23:06:05,1019,33,0.3400,16.12,88800
2026-06-08 23:06:07,1020,45,0.1000,13.78,105714
2026-06-08 23:06:09,1021,16,0.6800,184.44,6297
2026-06-08 23:06:11,1022,16,0.6800,57.62,25462
2026-06-08 23:06:13,1023,32,0.3600,41.19,55717
2026-06-08 23:06:15,1024,41,0.1800,35.73,110327
2026-06-08 23:06:17,1025,14,0.7200,243.07,5676
2026-06-08 23:06:19,1026,47,0.0600,60.23,18800
2026-06-08 23:06:21,1027,38,0.2400,23.47,468666
2026-06-08 23:06:23,1028,8,0.8400,177.75,9704
2026-06-08 23:06:25,1029,46,0.0800,9.28,121571
2026-06-08 23:06:27,1030,25,0.5000,299.72,1850000
2026-06-08 23:06:29,1031,44,0.1200,18.18,74000
2026-06-08 23:06:31,1032,23,0.5400,22.78,55803
2026-06-08 23:06:33,1033,33,0.3400,16.52,82779
2026-06-08 23:06:35,1034,50,0.0000,9.48,142307
2026-06-08 23:06:37,1035,11,0.7800,51.00,47882
2026-06-08 23:06:39,1036,16,0.6800,42.69,28530
2026-06-08 23:06:41,1037,11,0.7800,190.91,6213
2026-06-08 23:06:43,1038,13,0.7400,28.00,8705
2026-06-08 23:06:45,1039,46,0.0800,13.00,90773
2026-06-08 23:06:47,1040,50,0.0000,15.06,81318
2026-06-08 23:06:49,1041,20,0.6000,33.70,40000
2026-06-08 23:06:51,1042,47,0.0600,14.79,119931
2026-06-08 23:06:53,1043,41,0.1800,19.05,69747
2026-06-08 23:06:55,1044,35,0.3000,15.77,92500
2026-06-08 23:06:57,1045,34,0.3200,18.53,72927
2026-06-08 23:06:59,1046,40,0.2000,19.48,103859
2026-06-08 23:07:01,1047,45,0.1000,13.60,95142
2026-06-08 23:07:03,1048,38,0.2400,23.97,72102
2026-06-08 23:07:05,1049,22,0.5600,27.91,44602
2026-06-08 23:07:07,1050,21,0.5800,28.90,48562
2026-06-08 23:07:09,1051,50,0.0000,15.46,113846
2026-06-08 23:07:11,1052,33,0.3400,19.82,80065
2026-06-08 23:07:13,1053,31,0.3800,19.71,70584
2026-06-08 23:07:15,1054,41,0.1800,13.61,89235
2026-06-08 23:07:17,1055,35,0.3000,18.86,71944
2026-06-08 23:07:19,1056,17,0.6600,24.18,157250
2026-06-08 23:07:21,1057,36,0.2800,10.44,91862
2026-06-08 23:07:23,1058,47,0.0600,10.32,103820
2026-06-08 23:07:25,1059,26,0.4800,13.65,72603
2026-06-08 23:07:27,1060,47,0.0600,5.70,107015
2026-06-08 23:07:29,1061,9,0.8200,86.11,16444
2026-06-08 23:07:31,1062,40,0.2000,12.95,71325
2026-06-08 23:07:33,1063,24,0.5200,50.67,507428
2026-06-08 23:07:35,1064,27,0.4600,14.70,76846
2026-06-08 23:07:37,1065,51,-0.0200,17.82,314500
2026-06-08 23:07:39,1066,38,0.2400,7.47,114775
2026-06-08 23:07:41,1067,40,0.2000,9.78,84571
2026-06-08 23:07:43,1068,14,0.7200,42.50,39846
2026-06-08 23:07:45,1069,43,0.1400,9.86,83736
2026-06-08 23:07:47,1070,36,0.2800,8.78,106560
2026-06-08 23:07:49,1071,34,0.3200,11.09,74000
2026-06-08 23:07:51,1072,9,0.8200,79.56,14966
2026-06-08 23:07:53,1073,47,0.0600,9.36,102294
2026-06-08 23:07:55,1074,11,0.7800,115.55,10111
2026-06-08 23:07:57,1075,35,0.3000,9.86,95925
2026-06-08 23:07:59,1076,29,0.4200,15.17,71533
2026-06-08 23:08:01,1077,9,0.8200,75.00,14478
2026-06-08 23:08:03,1078,41,0.1800,25.02,202266
2026-06-08 23:08:05,1079,9,0.8200,235.33,666000
2026-06-08 23:08:07,1080,45,0.1000,5.89,121090
2026-06-08 23:08:09,1081,27,0.4600,14.07,65508
2026-06-08 23:08:11,1082,36,0.2800,14.67,75042
2026-06-08 23:08:13,1083,18,0.6400,52.50,13947
2026-06-08 23:08:15,1084,41,0.1800,6.85,102847
2026-06-08 23:08:17,1085,32,0.3600,22.09,49852
2026-06-08 23:08:19,1086,42,0.1600,10.83,115111
2026-06-08 23:08:21,1087,14,0.7200,93.36,9961
2026-06-08 23:08:23,1088,19,0.6200,89.58,14722
2026-06-08 23:08:25,1089,9,0.8200,93.67,22200
2026-06-08 23:08:27,1090,47,0.0600,9.21,56096
2026-06-08 23:08:29,1091,40,0.2000,16.05,88358
2026-06-08 23:08:31,1092,29,0.4200,13.52,66030
2026-06-08 23:08:33,1093,35,0.3000,8.29,89310
2026-06-08 23:08:35,1094,14,0.7200,69.79,16709
2026-06-08 23:08:37,1095,46,0.0800,9.04,81047
2026-06-08 23:08:39,1096,29,0.4200,11.21,76642
2026-06-08 23:08:41,1097,12,0.7600,19.00,29114
2026-06-08 23:08:43,1098,29,0.4200,6.17,89416
2026-06-08 23:08:45,1099,50,0.0000,7.78,98666
2026-06-08 23:08:47,1100,41,0.1800,11.05,101133
2026-06-08 23:08:49,1101,50,0.0000,4.88,129824
2026-06-08 23:08:51,1102,22,0.5600,21.68,47882
2026-06-08 23:08:53,1103,14,0.7200,50.57,19009
2026-06-08 23:08:55,1104,17,0.6600,41.47,29952
2026-06-08 23:08:57,1105,27,0.4600,16.52,66600
2026-06-08 23:08:59,1106,26,0.4800,15.19,71259
2026-06-08 23:09:01,1107,34,0.3200,12.56,71885
2026-06-08 23:09:03,1108,26,0.4800,28.12,40083
2026-06-08 23:09:05,1109,10,0.8000,83.80,17209
2026-06-08 23:09:07,1110,1,0.9800,64.00,0
2026-06-08 23:09:09,1111,11,0.7800,68.09,6486
2026-06-08 23:09:11,1112,6,0.8800,104.50,1960
2026-06-08 23:09:13,1113,11,0.7800,73.73,15960
2026-06-08 23:09:15,1114,27,0.4600,16.41,68896
2026-06-08 23:09:17,1115,22,0.5600,25.32,45859
2026-06-08 23:09:19,1116,43,0.1400,8.67,99437
2026-06-08 23:09:21,1117,16,0.6800,43.69,33828
2026-06-08 23:09:23,1118,45,0.1000,8.18,92500
2026-06-08 23:09:25,1119,12,0.7600,40.08,28190
2026-06-08 23:09:27,1120,25,0.5000,22.32,49333
2026-06-08 23:09:29,1121,32,0.3600,20.88,59949
2026-06-08 23:09:31,1122,34,0.3200,11.44,86758
2026-06-08 23:09:33,1123,10,0.8000,142.00,10571
2026-06-08 23:09:35,1124,21,0.5800,23.86,45043
2026-06-08 23:09:37,1125,31,0.3800,30.19,35565
2026-06-08 23:09:39,1126,29,0.4200,295.24,2146000
2026-06-08 23:09:41,1127,25,0.5000,18.68,176190
2026-06-08 23:09:43,1128,35,0.3000,10.26,87796
2026-06-08 23:09:45,1129,21,0.5800,26.71,38370
2026-06-08 23:09:47,1130,25,0.5000,19.12,66071
2026-06-08 23:09:49,1131,17,0.6600,54.06,18917
2026-06-08 23:09:51,1132,36,0.2800,13.67,83250
2026-06-08 23:09:53,1133,51,-0.0200,6.73,132421
2026-06-08 23:09:55,1134,39,0.2200,14.15,78000
2026-06-08 23:09:57,1135,36,0.2800,8.97,88800
2026-06-08 23:09:59,1136,41,0.1800,17.02,93353
2026-06-08 23:10:01,1137,34,0.3200,13.82,76242
2026-06-08 23:10:03,1138,40,0.2000,12.35,120816
2026-06-08 23:10:05,1139,38,0.2400,12.79,137170
2026-06-08 23:10:07,1140,18,0.6400,26.22,41625
2026-06-08 23:10:09,1141,33,0.3400,13.09,74000
2026-06-08 23:10:11,1142,26,0.4800,23.23,61079
2026-06-08 23:10:13,1143,36,0.2800,13.81,87344
2026-06-08 23:10:15,1144,48,0.0400,16.15,89924
2026-06-08 23:10:17,1145,25,0.5000,21.96,68518
2026-06-08 23:10:19,1146,44,0.1200,7.32,114245
2026-06-08 23:10:21,1147,38,0.2400,16.87,78111
2026-06-08 23:10:23,1148,40,0.2000,10.38,98666
2026-06-08 23:10:25,1149,17,0.6600,29.00,125800
2026-06-08 23:10:27,1150,36,0.2800,10.00,80727
2026-06-08 23:10:29,1151,14,0.7200,40.79,39094
2026-06-08 23:10:31,1152,23,0.5400,44.43,28366
2026-06-08 23:10:33,1153,27,0.4600,19.52,121090
2026-06-08 23:10:35,1154,45,0.1000,11.80,95142
2026-06-08 23:10:37,1155,15,0.7000,32.67,32173
2026-06-08 23:10:39,1156,15,0.7000,33.53,35238
2026-06-08 23:10:41,1157,32,0.3600,12.38,83087
2026-06-08 23:10:43,1158,18,0.6400,291.94,2664000
2026-06-08 23:10:45,1159,16,0.6800,27.75,40135
2026-06-08 23:10:47,1160,43,0.1400,13.21,77609
2026-06-08 23:10:49,1161,7,0.8600,143.71,74000
2026-06-08 23:10:51,1162,34,0.3200,10.79,89857
2026-06-08 23:10:53,1163,28,0.4400,22.89,70237
2026-06-08 23:10:55,1164,43,0.1400,13.14,93588
2026-06-08 23:10:57,1165,42,0.1600,10.76,159384
2026-06-08 23:10:59,1166,32,0.3600,13.41,74000
2026-06-08 23:11:01,1167,46,0.0800,8.04,109806
2026-06-08 23:11:03,1168,40,0.2000,10.85,97049
2026-06-08 23:11:05,1169,44,0.1200,9.77,132897
2026-06-08 23:11:07,1170,27,0.4600,20.70,72654
2026-06-08 23:11:09,1171,17,0.6600,34.12,33546
2026-06-08 23:11:11,1172,46,0.0800,10.83,94555
2026-06-08 23:11:13,1173,26,0.4800,26.65,59200
2026-06-08 23:11:15,1174,17,0.6600,47.35,28590
2026-06-08 23:11:17,1175,19,0.6200,24.00,54076
2026-06-08 23:11:19,1176,9,0.8200,114.44,9722
2026-06-08 23:11:21,1177,28,0.4400,21.68,86333
2026-06-08 23:11:23,1178,15,0.7000,41.40,50454
2026-06-08 23:11:25,1179,20,0.6000,28.15,32527
2026-06-08 23:11:27,1180,36,0.2800,17.81,80727
2026-06-08 23:11:29,1181,32,0.3600,30.62,23215
2026-06-08 23:11:31,1182,11,0.7800,65.09,26688
2026-06-08 23:11:33,1183,10,0.8000,115.10,4949
2026-06-08 23:11:35,1184,11,0.7800,112.82,10111
2026-06-08 23:11:37,1185,17,0.6600,39.41,29952
2026-06-08 23:11:39,1186,16,0.6800,43.12,42285
2026-06-08 23:11:41,1187,17,0.6600,328.71,2516000
2026-06-08 23:11:43,1188,21,0.5800,219.57,8854
2026-06-08 23:11:45,1189,9,0.8200,60.89,35052
2026-06-08 23:11:47,1190,10,0.8000,73.40,16629
2026-06-08 23:11:49,1191,23,0.5400,41.74,68080
2026-06-08 23:11:51,1192,26,0.4800,324.12,1924000
2026-06-08 23:11:53,1193,34,0.3200,14.26,91490
2026-06-08 23:11:55,1194,47,0.0600,7.66,122035
2026-06-08 23:11:57,1195,17,0.6600,48.88,22872
2026-06-08 23:11:59,1196,20,0.6000,29.70,44848
2026-06-08 23:12:01,1197,22,0.5600,56.18,25046
2026-06-08 23:12:03,1198,29,0.4200,21.86,50494
2026-06-08 23:12:05,1199,46,0.0800,14.65,106375
2026-06-08 23:12:07,1200,37,0.2600,12.54,109520
2026-06-08 23:12:09,1201,12,0.7600,49.33,30101
2026-06-08 23:12:11,1202,18,0.6400,34.11,34597
2026-06-08 23:12:13,1203,29,0.4200,36.24,30013
2026-06-08 23:12:15,1204,11,0.7800,74.36,20607
2026-06-08 23:12:17,1205,20,0.6000,22.95,51034
2026-06-08 23:12:19,1206,9,0.8200,54.89,121090
2026-06-08 23:12:21,1207,40,0.2000,7.90,97049
2026-06-08 23:12:23,1208,22,0.5600,26.27,62615
2026-06-08 23:12:25,1209,44,0.1200,10.39,100184
2026-06-08 23:12:27,1210,24,0.5200,24.38,48657
2026-06-08 23:12:29,1211,30,0.4000,16.40,70476
2026-06-08 23:12:31,1212,40,0.2000,7.85,95483
2026-06-08 23:12:33,1213,43,0.1400,13.26,205290
2026-06-08 23:12:35,1214,43,0.1400,187.00,16487
2026-06-08 23:12:37,1215,16,0.6800,161.69,6883
2026-06-08 23:12:39,1216,12,0.7600,39.75,24666
2026-06-08 23:12:41,1217,17,0.6600,32.00,20455
2026-06-08 23:12:43,1218,49,0.0200,6.86,116967
2026-06-08 23:12:45,1219,11,0.7800,98.18,4329
2026-06-08 23:12:47,1220,40,0.2000,10.85,83380
2026-06-08 23:12:49,1221,19,0.6200,27.84,42606
2026-06-08 23:12:51,1222,19,0.6200,38.79,35150
2026-06-08 23:12:53,1223,8,0.8400,147.88,2747
2026-06-08 23:12:55,1224,20,0.6000,52.60,16174
2026-06-08 23:12:57,1225,48,0.0400,9.58,106029
2026-06-08 23:12:59,1226,50,0.0000,4.22,132142
2026-06-08 23:13:01,1227,46,0.0800,7.07,115389
2026-06-08 23:13:03,1228,38,0.2400,24.18,79211
2026-06-08 23:13:05,1229,37,0.2600,15.43,77126
2026-06-08 23:13:07,1230,17,0.6600,32.47,52416
2026-06-08 23:13:09,1231,47,0.0600,11.57,74795
2026-06-08 23:13:11,1232,31,0.3800,12.23,75213
2026-06-08 23:13:13,1233,34,0.3200,12.35,91490
2026-06-08 23:13:15,1234,15,0.7000,53.80,22200
2026-06-08 23:13:17,1235,17,0.6600,39.12,25673
2026-06-08 23:13:19,1236,17,0.6600,107.71,6586
2026-06-08 23:13:21,1237,38,0.2400,9.53,86523
2026-06-08 23:13:23,1238,42,0.1600,11.69,78683
2026-06-08 23:13:25,1239,26,0.4800,20.35,44229
2026-06-08 23:13:27,1240,35,0.3000,30.60,33419
2026-06-08 23:13:29,1241,19,0.6200,75.68,15535
2026-06-08 23:13:31,1242,33,0.3400,17.58,55500
2026-06-08 23:13:33,1243,44,0.1200,12.84,75720
2026-06-08 23:13:35,1244,11,0.7800,51.55,18088
2026-06-08 23:13:37,1245,18,0.6400,29.56,40363
2026-06-08 23:13:39,1246,12,0.7600,48.75,30101
2026-06-08 23:13:41,1247,48,0.0400,9.27,106029
2026-06-08 23:13:43,1248,41,0.1800,8.34,97870
2026-06-08 23:13:45,1249,26,0.4800,18.00,87454
2026-06-08 23:13:47,1250,36,0.2800,9.50,80727
2026-06-08 23:13:49,1251,34,0.3200,48.97,12455
2026-06-08 23:13:51,1252,8,0.8400,99.50,13303
2026-06-08 23:13:53,1253,15,0.7000,31.27,47234
2026-06-08 23:13:55,1254,31,0.3800,17.06,81928
2026-06-08 23:13:57,1255,45,0.1000,7.33,112881
2026-06-08 23:13:59,1256,30,0.4000,31.10,44848
2026-06-08 23:14:01,1257,17,0.6600,26.65,42644
2026-06-08 23:14:03,1258,17,0.6600,43.41,26484
2026-06-08 23:14:05,1259,36,0.2800,20.00,56680
2026-06-08 23:14:07,1260,36,0.2800,82.03,14021
2026-06-08 23:14:09,1261,30,0.4000,12.80,92500
2026-06-08 23:14:11,1262,24,0.5200,19.33,58229
2026-06-08 23:14:13,1263,10,0.8000,67.30,20845
2026-06-08 23:14:15,1264,45,0.1000,10.96,118928
2026-06-08 23:14:17,1265,23,0.5400,32.87,60785
2026-06-08 23:14:19,1266,20,0.6000,57.20,16818
2026-06-08 23:14:21,1267,31,0.3800,17.74,53976
2026-06-08 23:14:23,1268,18,0.6400,43.17,27463
2026-06-08 23:14:25,1269,23,0.5400,64.52,20383
2026-06-08 23:14:27,1270,47,0.0600,11.40,117898
2026-06-08 23:14:29,1271,30,0.4000,13.90,77894
2026-06-08 23:14:31,1272,16,0.6800,59.62,18645
2026-06-08 23:14:33,1273,50,0.0000,10.36,101369
2026-06-08 23:14:35,1274,29,0.4200,15.17,78036
2026-06-08 23:14:37,1275,16,0.6800,36.56,21527
2026-06-08 23:14:39,1276,41,0.1800,8.88,89235
2026-06-08 23:14:41,1277,34,0.3200,12.18,82491
2026-06-08 23:14:43,1278,15,0.7000,39.60,33134
2026-06-08 23:14:45,1279,13,0.7400,85.62,10344
2026-06-08 23:14:47,1280,21,0.5800,45.24,26338
2026-06-08 23:14:49,1281,13,0.7400,51.08,26356
2026-06-08 23:14:51,1282,19,0.6200,79.84,11619
2026-06-08 23:14:53,1283,13,0.7400,34.92,33754
2026-06-08 23:14:55,1284,42,0.1600,170.31,18336
2026-06-08 23:14:57,1285,14,0.7200,127.71,9291
2026-06-08 23:14:59,1286,23,0.5400,32.26,21012
2026-06-08 23:15:01,1287,16,0.6800,65.19,18215
2026-06-08 23:15:03,1288,21,0.5800,82.81,15014
2026-06-08 23:15:05,1289,25,0.5000,54.72,17452
2026-06-08 23:15:07,1290,34,0.3200,21.41,85288
2026-06-08 23:15:09,1291,36,0.2800,33.75,25251
2026-06-08 23:15:11,1292,17,0.6600,26.41,251600
2026-06-08 23:15:13,1293,36,0.2800,11.14,95142
2026-06-08 23:15:15,1294,43,0.1400,28.09,212133
2026-06-08 23:15:17,1295,27,0.4600,42.85,51896
2026-06-08 23:15:19,1296,43,0.1400,12.02,107864
2026-06-08 23:15:21,1297,42,0.1600,7.31,111000
2026-06-08 23:15:23,1298,43,0.1400,9.88,86000
2026-06-08 23:15:25,1299,40,0.2000,9.68,107636
2026-06-08 23:15:27,1300,50,0.0000,10.36,127586
2026-06-08 23:15:29,1301,35,0.3000,9.89,84918
2026-06-08 23:15:31,1302,31,0.3800,17.48,61173
2026-06-08 23:15:33,1303,39,0.2200,14.05,88800
2026-06-08 23:15:35,1304,49,0.0200,10.39,127228
2026-06-08 23:15:37,1305,16,0.6800,29.31,37000
2026-06-08 23:15:39,1306,39,0.2200,10.51,94622
2026-06-08 23:15:41,1307,41,0.1800,11.07,123836
2026-06-08 23:15:43,1308,47,0.0600,21.34,463733
2026-06-08 23:15:45,1309,37,0.2600,13.84,97785
2026-06-08 23:15:47,1310,23,0.5400,20.57,57694
2026-06-08 23:15:49,1311,15,0.7000,51.87,18655
2026-06-08 23:15:51,1312,43,0.1400,14.30,74000
2026-06-08 23:15:53,1313,46,0.0800,10.87,119438
2026-06-08 23:15:55,1314,37,0.2600,11.46,79362
2026-06-08 23:15:57,1315,13,0.7400,43.38,32610
2026-06-08 23:15:59,1316,42,0.1600,14.33,71448
2026-06-08 23:16:01,1317,18,0.6400,26.22,49333
2026-06-08 23:16:03,1318,26,0.4800,47.12,36647
2026-06-08 23:16:05,1319,40,0.2000,12.30,88358
2026-06-08 23:16:07,1320,23,0.5400,30.22,36602
2026-06-08 23:16:09,1321,13,0.7400,74.08,5130
2026-06-08 23:16:11,1322,43,0.1400,12.70,96424
2026-06-08 23:16:13,1323,31,0.3800,14.87,77762
2026-06-08 23:16:15,1324,15,0.7000,112.53,5298
2026-06-08 23:16:17,1325,9,0.8200,199.67,8024
2026-06-08 23:16:19,1326,49,0.0200,13.43,116967
2026-06-08 23:16:21,1327,27,0.4600,22.30,61476
2026-06-08 23:16:23,1328,50,0.0000,9.64,127586
2026-06-08 23:16:25,1329,46,0.0800,9.96,126074
2026-06-08 23:16:27,1330,32,0.3600,12.84,87703
2026-06-08 23:16:29,1331,26,0.4800,19.92,55768
2026-06-08 23:16:31,1332,24,0.5200,20.71,68307
2026-06-08 23:16:33,1333,43,0.1400,12.23,78567
2026-06-08 23:16:35,1334,36,0.2800,11.86,98666
2026-06-08 23:16:37,1335,20,0.6000,37.75,25517
2026-06-08 23:16:39,1336,18,0.6400,66.11,18122
2026-06-08 23:16:41,1337,34,0.3200,17.18,69888
2026-06-08 23:16:43,1338,35,0.3000,12.49,76176
2026-06-08 23:16:45,1339,21,0.5800,31.33,81789
2026-06-08 23:16:47,1340,32,0.3600,17.28,50382
2026-06-08 23:16:49,1341,40,0.2000,14.75,74000
2026-06-08 23:16:51,1342,21,0.5800,36.43,49333
2026-06-08 23:16:53,1343,17,0.6600,33.76,30682
2026-06-08 23:16:55,1344,35,0.3000,15.14,62409
2026-06-08 23:16:57,1345,30,0.4000,18.10,71612
2026-06-08 23:16:59,1346,31,0.3800,21.77,52136
2026-06-08 23:17:01,1347,36,0.2800,13.67,136615
2026-06-08 23:17:03,1348,50,0.0000,5.76,123333
2026-06-08 23:17:05,1349,34,0.3200,12.41,89857
2026-06-08 23:17:07,1350,23,0.5400,26.61,50058
2026-06-08 23:17:09,1351,48,0.0400,14.60,80727
2026-06-08 23:17:11,1352,37,0.2600,18.92,61528
2026-06-08 23:17:13,1353,21,0.5800,72.05,12685
2026-06-08 23:17:15,1354,15,0.7000,120.20,10882
2026-06-08 23:17:17,1355,1,0.9800,24.00,0
2026-06-08 23:17:19,1356,12,0.7600,100.42,19955
2026-06-08 23:17:22,1357,9,0.8200,353.11,3649
2026-06-08 23:17:24,1358,8,0.8400,69.38,5584
2026-06-08 23:17:26,1359,10,0.8000,120.70,9135
2026-06-08 23:17:27,1360,7,0.8600,211.71,5692
2026-06-08 23:17:29,1361,15,0.7000,80.00,14701
2026-06-08 23:17:31,1362,21,0.5800,37.86,28000
2026-06-08 23:17:33,1363,10,0.8000,133.40,9673
2026-06-08 23:17:35,1364,19,0.6200,28.26,59829
2026-06-08 23:17:37,1365,9,0.8200,117.00,10488
2026-06-08 23:17:39,1366,10,0.8000,56.80,20555
2026-06-08 23:17:41,1367,24,0.5200,14.38,59200
2026-06-08 23:17:43,1368,36,0.2800,9.11,87344
2026-06-08 23:17:45,1369,14,0.7200,57.93,28777
2026-06-08 23:17:47,1370,43,0.1400,8.74,79550
2026-06-08 23:17:49,1371,36,0.2800,10.75,72000
2026-06-08 23:17:51,1372,22,0.5600,18.82,49333
2026-06-08 23:17:53,1373,41,0.1800,6.07,148000
2026-06-08 23:17:55,1374,29,0.4200,10.76,153285
2026-06-08 23:17:57,1375,40,0.2000,4.62,100338
2026-06-08 23:17:59,1376,50,0.0000,1.10,123333
2026-06-08 23:18:01,1377,25,0.5000,22.88,52857
2026-06-08 23:18:03,1378,49,0.0200,2.10,120866
2026-06-08 23:18:05,1379,44,0.1200,4.05,112275
2026-06-08 23:18:07,1380,28,0.4400,13.79,53128
2026-06-08 23:18:09,1381,23,0.5400,47.13,13725
2026-06-08 23:18:11,1382,25,0.5000,23.72,40659
2026-06-08 23:18:13,1383,14,0.7200,40.36,25580
2026-06-08 23:18:15,1384,31,0.3800,45.03,127444
2026-06-08 23:18:17,1385,43,0.1400,7.95,99437
2026-06-08 23:18:19,1386,41,0.1800,7.00,97870
2026-06-08 23:18:21,1387,14,0.7200,92.07,13367
2026-06-08 23:18:23,1388,34,0.3200,15.41,76242
2026-06-08 23:18:25,1389,39,0.2200,8.10,83652
2026-06-08 23:18:27,1390,30,0.4000,22.20,60821
2026-06-08 23:18:29,1391,35,0.3000,9.09,78484
2026-06-08 23:18:31,1392,16,0.6800,29.19,36430
2026-06-08 23:18:33,1393,44,0.1200,4.14,108533
2026-06-08 23:18:35,1394,32,0.3600,14.28,69647
2026-06-08 23:18:37,1395,35,0.3000,8.23,94181
2026-06-08 23:18:39,1396,23,0.5400,17.35,56733
2026-06-08 23:18:41,1397,37,0.2600,7.84,82969
2026-06-08 23:18:43,1398,37,0.2600,9.30,79362
2026-06-08 23:18:45,1399,36,0.2800,11.56,166500
2026-06-08 23:18:47,1400,21,0.5800,22.29,47090
2026-06-08 23:18:49,1401,33,0.3400,8.70,78774
2026-06-08 23:18:51,1402,36,0.2800,11.14,102461
2026-06-08 23:18:53,1403,37,0.2600,15.78,85562
2026-06-08 23:18:55,1404,27,0.4600,52.74,16512
2026-06-08 23:18:57,1405,42,0.1600,10.60,88799
2026-06-08 23:18:59,1406,25,0.5000,14.64,56923
2026-06-08 23:19:01,1407,46,0.0800,6.54,126074
2026-06-08 23:19:03,1408,44,0.1200,9.18,112275
2026-06-08 23:19:05,1409,36,0.2800,8.25,95142
2026-06-08 23:19:07,1410,50,0.0000,4.44,127586
2026-06-08 23:19:09,1411,40,0.2000,10.22,103859
2026-06-08 23:19:11,1412,40,0.2000,6.25,140952
2026-06-08 23:19:13,1413,30,0.4000,15.30,90612
2026-06-08 23:19:15,1414,15,0.7000,29.93,37000
2026-06-08 23:19:17,1415,45,0.1000,6.27,121090
2026-06-08 23:19:19,1416,41,0.1800,5.95,99475
2026-06-08 23:19:21,1417,27,0.4600,44.48,26289
2026-06-08 23:19:23,1418,19,0.6200,254.11,8926
2026-06-08 23:19:25,1419,50,0.0000,4.24,129824
2026-06-08 23:19:27,1420,18,0.6400,32.06,85935
2026-06-08 23:19:29,1421,49,0.0200,27.16,80577
2026-06-08 23:19:31,1422,30,0.4000,13.67,79285
2026-06-08 23:19:33,1423,30,0.4000,12.97,79285
2026-06-08 23:19:35,1424,47,0.0600,70.60,19057
2026-06-08 23:19:37,1425,19,0.6200,31.26,37000
2026-06-08 23:19:39,1426,34,0.3200,7.24,91490
2026-06-08 23:19:41,1427,41,0.1800,9.56,80906
2026-06-08 23:19:43,1428,27,0.4600,17.30,70105
2026-06-08 23:19:45,1429,51,-0.0200,6.39,121741
2026-06-08 23:19:47,1430,50,0.0000,4.82,127586
2026-06-08 23:19:49,1431,31,0.3800,11.48,67470
2026-06-08 23:19:51,1432,10,0.8000,56.70,18271
2026-06-08 23:19:53,1433,42,0.1600,11.24,94181
2026-06-08 23:19:55,1434,27,0.4600,17.33,83250
2026-06-08 23:19:57,1435,26,0.4800,14.15,60125
2026-06-08 23:19:59,1436,42,0.1600,7.57,129500
2026-06-08 23:20:01,1437,44,0.1200,9.34,105032
2026-06-08 23:20:03,1438,40,0.2000,8.07,144390
2026-06-08 23:20:05,1439,16,0.6800,55.62,17540
2026-06-08 23:20:07,1440,27,0.4600,20.15,51230
2026-06-08 23:20:09,1441,23,0.5400,19.74,52369
2026-06-08 23:20:11,1442,50,0.0000,2.72,148000
2026-06-08 23:20:13,1443,41,0.1800,7.24,85464
2026-06-08 23:20:15,1444,18,0.6400,40.50,35520
2026-06-08 23:20:17,1445,50,0.0000,3.04,125423
2026-06-08 23:20:19,1446,21,0.5800,34.57,40363
2026-06-08 23:20:21,1447,50,0.0000,2.12,132142
2026-06-08 23:20:23,1448,50,0.0000,2.58,127586
2026-06-08 23:20:25,1449,48,0.0400,3.62,126857
2026-06-08 23:20:27,1450,49,0.0200,8.51,109878
2026-06-08 23:20:29,1451,50,0.0000,3.22,125423
2026-06-08 23:20:31,1452,48,0.0400,6.33,104470
2026-06-08 23:20:33,1453,50,0.0000,3.54,119354
2026-06-08 23:20:35,1454,50,0.0000,3.10,117460
2026-06-08 23:20:37,1455,50,0.0000,2.62,127586
2026-06-08 23:20:39,1456,30,0.4000,13.63,143225
2026-06-08 23:20:41,1457,14,0.7200,323.07,2072000
2026-06-08 23:20:43,1458,42,0.1600,7.07,107172
2026-06-08 23:20:45,1459,50,0.0000,3.98,107246
2026-06-08 23:20:47,1460,50,0.0000,3.20,129824
2026-06-08 23:20:49,1461,48,0.0400,9.69,102956
2026-06-08 23:20:51,1462,49,0.0200,8.24,118885
2026-06-08 23:20:53,1463,45,0.1000,14.00,289565
2026-06-08 23:20:55,1464,19,0.6200,34.74,41352
2026-06-08 23:20:57,1465,10,0.8000,62.10,32888
2026-06-08 23:20:59,1466,31,0.3800,23.71,49869
2026-06-08 23:21:01,1467,38,0.2400,9.13,96965
2026-06-08 23:21:03,1468,31,0.3800,12.00,93632
2026-06-08 23:21:05,1469,29,0.4200,16.55,65030
2026-06-08 23:21:07,1470,47,0.0600,5.13,112193
2026-06-08 23:21:09,1471,46,0.0800,7.48,109806
2026-06-08 23:21:11,1472,50,0.0000,3.48,129824
2026-06-08 23:21:13,1473,41,0.1800,7.46,106456
2026-06-08 23:21:15,1474,50,0.0000,2.60,129824
2026-06-08 23:21:17,1475,50,0.0000,3.04,129824
2026-06-08 23:21:19,1476,45,0.1000,7.20,102461
2026-06-08 23:21:21,1477,43,0.1400,7.60,101015
2026-06-08 23:21:23,1478,50,0.0000,4.76,117460
2026-06-08 23:21:25,1479,50,0.0000,4.34,137037
2026-06-08 23:21:27,1480,50,0.0000,3.32,137037
2026-06-08 23:21:29,1481,38,0.2400,13.58,66952
2026-06-08 23:21:31,1482,39,0.2200,11.33,87454
2026-06-08 23:21:33,1483,20,0.6000,26.05,39466
2026-06-08 23:21:35,1484,42,0.1600,8.40,98666
2026-06-08 23:21:37,1485,28,0.4400,216.54,11908
2026-06-08 23:21:39,1486,31,0.3800,17.55,61173
2026-06-08 23:21:41,1487,50,0.0000,2.72,123333
2026-06-08 23:21:43,1488,50,0.0000,3.52,132142
2026-06-08 23:21:45,1489,50,0.0000,3.44,129824
2026-06-08 23:21:47,1490,50,0.0000,4.46,129824
2026-06-08 23:21:49,1491,50,0.0000,4.10,108823
2026-06-08 23:21:51,1492,50,0.0000,4.06,127586
2026-06-08 23:21:53,1493,50,0.0000,3.88,121311
2026-06-08 23:21:55,1494,41,0.1800,11.85,101133
2026-06-08 23:21:57,1495,41,0.1800,12.68,80906
2026-06-08 23:21:59,1496,50,0.0000,3.76,134545
2026-06-08 23:22:01,1497,50,0.0000,5.96,119354
2026-06-08 23:22:03,1498,41,0.1800,10.61,77794
2026-06-08 23:22:05,1499,49,0.0200,5.20,120866
2026-06-08 23:22:07,1500,50,0.0000,3.74,132142
2026-06-08 23:22:09,1501,50,0.0000,4.72,125423
2026-06-08 23:22:11,1502,48,0.0400,6.12,120406
2026-06-08 23:22:13,1503,50,0.0000,4.26,127586
2026-06-08 23:22:15,1504,50,0.0000,3.86,127586
2026-06-08 23:22:17,1505,27,0.4600,18.07,61476
2026-06-08 23:22:19,1506,38,0.2400,16.16,95322
2026-06-08 23:22:21,1507,28,0.4400,36.86,22644
2026-06-08 23:22:23,1508,20,0.6000,24.35,44179
2026-06-08 23:22:25,1509,34,0.3200,8.76,100640
2026-06-08 23:22:27,1510,40,0.2000,8.05,111698
2026-06-08 23:22:29,1511,34,0.3200,20.18,37552
2026-06-08 23:22:31,1512,50,0.0000,5.70,151020
2026-06-08 23:22:33,1513,48,0.0400,10.50,114580
2026-06-08 23:22:35,1514,34,0.3200,11.09,89857
2026-06-08 23:22:37,1515,30,0.4000,15.37,76551
2026-06-08 23:22:39,1516,48,0.0400,8.44,114580
2026-06-08 23:22:41,1517,40,0.2000,14.45,107636
2026-06-08 23:22:43,1518,49,0.0200,7.94,134296
2026-06-08 23:22:45,1519,41,0.1800,9.20,102847
2026-06-08 23:22:47,1520,48,0.0400,9.54,157866
2026-06-08 23:22:49,1521,40,0.2000,7.75,103859
2026-06-08 23:22:51,1522,38,0.2400,19.11,92196
2026-06-08 23:22:53,1523,50,0.0000,7.58,117460
2026-06-08 23:22:55,1524,36,0.2800,9.75,95142
2026-06-08 23:22:57,1525,49,0.0200,8.00,116967
2026-06-08 23:22:59,1526,33,0.3400,17.03,72895
2026-06-08 23:23:01,1527,46,0.0800,8.91,97257
2026-06-08 23:23:03,1528,50,0.0000,6.04,104225
2026-06-08 23:23:05,1529,39,0.2200,10.10,81295
2026-06-08 23:23:07,1530,29,0.4200,33.83,63117
2026-06-08 23:23:09,1531,42,0.1600,16.40,88799
2026-06-08 23:23:11,1532,50,0.0000,8.22,121311
2026-06-08 23:23:13,1533,34,0.3200,10.94,88280
2026-06-08 23:23:15,1534,39,0.2200,8.41,96200
2026-06-08 23:23:17,1535,43,0.1400,8.02,109724
2026-06-08 23:23:19,1536,42,0.1600,12.76,103600
2026-06-08 23:23:21,1537,36,0.2800,9.83,96872
2026-06-08 23:23:23,1538,50,0.0000,3.82,129824
2026-06-08 23:23:25,1539,46,0.0800,6.48,119438
2026-06-08 23:23:27,1540,50,0.0000,3.64,115625
2026-06-08 23:23:29,1541,36,0.2800,13.06,96872
2026-06-08 23:23:31,1542,41,0.1800,8.46,106456
2026-06-08 23:23:33,1543,36,0.2800,8.44,95142
2026-06-08 23:23:35,1544,45,0.1000,6.49,114827
2026-06-08 23:23:37,1545,48,0.0400,9.33,104470
2026-06-08 23:23:39,1546,31,0.3800,13.55,176461
2026-06-08 23:23:41,1547,30,0.4000,11.67,75254
2026-06-08 23:23:43,1548,45,0.1000,6.27,112881
2026-06-08 23:23:45,1549,44,0.1200,11.84,73168
2026-06-08 23:23:47,1550,50,0.0000,6.14,87058
2026-06-08 23:23:49,1551,33,0.3400,8.85,88800
2026-06-08 23:23:51,1552,31,0.3800,12.94,79103
2026-06-08 23:23:53,1553,41,0.1800,9.63,84277
2026-06-08 23:23:55,1554,40,0.2000,10.60,95483
2026-06-08 23:23:57,1555,29,0.4200,18.93,52341
2026-06-08 23:23:59,1556,42,0.1600,10.38,113018
2026-06-08 23:24:01,1557,36,0.2800,10.81,79522
2026-06-08 23:24:03,1558,45,0.1000,15.09,83250
2026-06-08 23:24:05,1559,42,0.1600,7.81,109052
2026-06-08 23:24:07,1560,50,0.0000,7.86,132142
2026-06-08 23:24:09,1561,28,0.4400,19.86,59199
2026-06-08 23:24:11,1562,37,0.2600,13.00,85562
2026-06-08 23:24:13,1563,40,0.2000,8.47,100338
2026-06-08 23:24:15,1564,49,0.0200,9.69,131854
2026-06-08 23:24:17,1565,36,0.2800,9.83,91862
2026-06-08 23:24:19,1566,43,0.1400,7.95,106066
2026-06-08 23:24:21,1567,33,0.3400,14.36,87214
2026-06-08 23:24:23,1568,34,0.3200,21.06,228727
2026-06-08 23:24:25,1569,38,0.2400,16.55,100428
2026-06-08 23:24:27,1570,50,0.0000,7.60,119354
2026-06-08 23:24:29,1571,51,-0.0200,7.75,121741
2026-06-08 23:24:31,1572,41,0.1800,9.88,72238
2026-06-08 23:24:33,1573,38,0.2400,9.16,100428
2026-06-08 23:24:35,1574,41,0.1800,124.32,17337
2026-06-08 23:24:37,1575,47,0.0600,10.47,95287
2026-06-08 23:24:39,1576,40,0.2000,9.40,144390
2026-06-08 23:24:41,1577,30,0.4000,22.30,170769
2026-06-08 23:24:43,1578,46,0.0800,9.00,113466
2026-06-08 23:24:45,1579,46,0.0800,10.48,133490
2026-06-08 23:24:47,1580,47,0.0600,9.06,107015
2026-06-08 23:24:49,1581,36,0.2800,9.28,88800
2026-06-08 23:24:51,1582,50,0.0000,7.28,127586
2026-06-08 23:24:53,1583,50,0.0000,8.50,62711
2026-06-08 23:24:55,1584,39,0.2200,29.67,80166
2026-06-08 23:24:57,1585,36,0.2800,26.61,56680
2026-06-08 23:24:59,1586,28,0.4400,13.43,75345
2026-06-08 23:25:01,1587,34,0.3200,12.68,76242
2026-06-08 23:25:03,1588,50,0.0000,9.58,104225
2026-06-08 23:25:05,1589,45,0.1000,8.11,151363
2026-06-08 23:25:07,1590,47,0.0600,9.81,126472
2026-06-08 23:25:09,1591,38,0.2400,9.71,96965
2026-06-08 23:25:11,1592,12,0.7600,44.58,26909
2026-06-08 23:25:13,1593,44,0.1200,11.09,112275
2026-06-08 23:25:15,1594,45,0.1000,8.47,116842
2026-06-08 23:25:17,1595,39,0.2200,13.03,87454
2026-06-08 23:25:19,1596,40,0.2000,9.32,100338
2026-06-08 23:25:21,1597,43,0.1400,15.63,88388
2026-06-08 23:25:23,1598,34,0.3200,16.21,79873
2026-06-08 23:25:25,1599,43,0.1400,10.37,111649
2026-06-08 23:25:27,1600,39,0.2200,17.28,78000
2026-06-08 23:25:29,1601,50,0.0000,9.92,105714
2026-06-08 23:25:31,1602,38,0.2400,9.29,170424
2026-06-08 23:25:33,1603,36,0.2800,11.11,95142
2026-06-08 23:25:35,1604,37,0.2600,10.16,92813
2026-06-08 23:25:37,1605,14,0.7200,44.29,30925
2026-06-08 23:25:39,1606,42,0.1600,10.74,100258
2026-06-08 23:25:41,1607,38,0.2400,25.11,102254
2026-06-08 23:25:43,1608,37,0.2600,13.81,88322
2026-06-08 23:25:45,1609,41,0.1800,8.34,108357
2026-06-08 23:25:47,1610,47,0.0600,9.74,115933
2026-06-08 23:25:49,1611,43,0.1400,11.81,172000
2026-06-08 23:25:51,1612,19,0.6200,33.47,52074
2026-06-08 23:25:53,1613,41,0.1800,9.34,96317
2026-06-08 23:25:55,1614,28,0.4400,20.04,72701
2026-06-08 23:25:57,1615,42,0.1600,15.83,148000
2026-06-08 23:25:59,1616,37,0.2600,11.19,91266
2026-06-08 23:26:01,1617,48,0.0400,9.83,124631
2026-06-08 23:26:03,1618,34,0.3200,14.59,91490
2026-06-08 23:26:05,1619,50,0.0000,10.30,101369
2026-06-08 23:26:07,1620,48,0.0400,15.04,60717
2026-06-08 23:26:09,1621,19,0.6200,58.84,27841
2026-06-08 23:26:11,1622,25,0.5000,24.76,67272
2026-06-08 23:26:13,1623,43,0.1400,15.51,88388
2026-06-08 23:26:15,1624,46,0.0800,21.07,340400
2026-06-08 23:26:17,1625,22,0.5600,20.50,63843
2026-06-08 23:26:19,1626,29,0.4200,34.07,61314
2026-06-08 23:26:21,1627,18,0.6400,34.50,42967
2026-06-08 23:26:23,1628,50,0.0000,9.06,102777
2026-06-08 23:26:25,1629,29,0.4200,18.83,153285
2026-06-08 23:26:27,1630,26,0.4800,29.62,64133
2026-06-08 23:26:29,1631,41,0.1800,11.20,86685
2026-06-08 23:26:31,1632,38,0.2400,20.55,106113
